Date,Station,AQI
2023-01-01,alipur,292.0
2023-01-01,ito,225.0
2023-01-01,lodhi_road,190.0
2023-01-01,mandir_marg,254.0
2023-01-01,nsit_dwarka,257.0
2023-01-01,punjabi_bagh,297.0
2023-01-01,rk_puram,258.0
2023-01-01,rohini,320.0
2023-01-01,anand_vihar,294.0
2023-01-02,punjabi_bagh,388.0
2023-01-02,rohini,386.0
2023-01-02,wazirpur,390.0
2023-01-02,anand_vihar,375.0
2023-01-02,lodhi_road,284.0
2023-01-02,ito,405.0
2023-01-02,rk_puram,393.0
2023-01-02,nsit_dwarka,385.0
2023-01-03,rk_puram,402.0
2023-01-03,wazirpur,414.0
2023-01-03,anand_vihar,400.0
2023-01-03,mandir_marg,390.0
2023-01-03,punjabi_bagh,412.0
2023-01-03,rohini,399.0
2023-01-03,lodhi_road,346.0
2023-01-03,ito,415.0
2023-01-03,alipur,369.0
2023-01-03,nsit_dwarka,391.0
2023-01-04,ito,390.0
2023-01-04,anand_vihar,390.0
2023-01-04,punjabi_bagh,362.0
2023-01-04,alipur,300.0
2023-01-04,rk_puram,373.0
2023-01-04,nsit_dwarka,351.0
2023-01-04,lodhi_road,273.0
2023-01-04,wazirpur,369.0
2023-01-04,rohini,352.0
2023-01-04,mandir_marg,359.0
2023-01-05,wazirpur,359.0
2023-01-05,rk_puram,371.0
2023-01-05,nsit_dwarka,294.0
2023-01-05,anand_vihar,422.0
2023-01-05,ito,400.0
2023-01-05,mandir_marg,353.0
2023-01-05,lodhi_road,274.0
2023-01-05,punjabi_bagh,367.0
2023-01-05,alipur,307.0
2023-01-05,rohini,347.0
2023-01-06,rohini,396.0
2023-01-06,mandir_marg,406.0
2023-01-06,lodhi_road,365.0
2023-01-06,nsit_dwarka,390.0
2023-01-06,punjabi_bagh,422.0
2023-01-06,alipur,360.0
2023-01-06,anand_vihar,448.0
2023-01-06,rk_puram,442.0
2023-01-06,ito,439.0
2023-01-06,wazirpur,419.0
2023-01-07,alipur,334.0
2023-01-07,rk_puram,397.0
2023-01-07,punjabi_bagh,405.0
2023-01-07,rohini,384.0
2023-01-07,nsit_dwarka,342.0
2023-01-07,mandir_marg,387.0
2023-01-07,lodhi_road,332.0
2023-01-07,anand_vihar,434.0
2023-01-07,wazirpur,398.0
2023-01-07,ito,414.0
2023-01-08,wazirpur,379.0
2023-01-08,rohini,363.0
2023-01-08,punjabi_bagh,382.0
2023-01-08,mandir_marg,378.0
2023-01-08,anand_vihar,435.0
2023-01-08,lodhi_road,342.0
2023-01-08,alipur,326.0
2023-01-08,ito,422.0
2023-01-08,rk_puram,404.0
2023-01-08,nsit_dwarka,344.0
2023-01-09,ito,486.0
2023-01-09,anand_vihar,471.0
2023-01-09,rohini,447.0
2023-01-09,wazirpur,452.0
2023-01-09,lodhi_road,406.0
2023-01-09,alipur,366.0
2023-01-09,mandir_marg,449.0
2023-01-09,punjabi_bagh,443.0
2023-01-09,nsit_dwarka,452.0
2023-01-09,rk_puram,472.0
2023-01-10,anand_vihar,445.0
2023-01-10,wazirpur,419.0
2023-01-10,ito,466.0
2023-01-10,rohini,399.0
2023-01-10,alipur,357.0
2023-01-10,nsit_dwarka,385.0
2023-01-10,lodhi_road,370.0
2023-01-10,punjabi_bagh,428.0
2023-01-10,mandir_marg,424.0
2023-01-10,rk_puram,436.0
2023-01-11,ito,417.0
2023-01-11,anand_vihar,379.0
2023-01-11,nsit_dwarka,284.0
2023-01-11,lodhi_road,232.0
2023-01-11,mandir_marg,302.0
2023-01-11,punjabi_bagh,340.0
2023-01-11,alipur,261.0
2023-01-11,rohini,311.0
2023-01-11,wazirpur,335.0
2023-01-11,rk_puram,348.0
2023-01-12,rohini,419.0
2023-01-12,anand_vihar,382.0
2023-01-12,wazirpur,412.0
2023-01-12,mandir_marg,370.0
2023-01-12,punjabi_bagh,391.0
2023-01-12,ito,435.0
2023-01-12,alipur,369.0
2023-01-12,nsit_dwarka,354.0
2023-01-12,lodhi_road,323.0
2023-01-12,rk_puram,365.0
2023-01-13,wazirpur,415.0
2023-01-13,rohini,391.0
2023-01-13,nsit_dwarka,360.0
2023-01-13,mandir_marg,375.0
2023-01-13,anand_vihar,375.0
2023-01-13,alipur,378.0
2023-01-13,ito,447.0
2023-01-13,punjabi_bagh,397.0
2023-01-13,rk_puram,367.0
2023-01-14,ito,417.0
2023-01-14,wazirpur,361.0
2023-01-14,nsit_dwarka,339.0
2023-01-14,anand_vihar,370.0
2023-01-14,mandir_marg,348.0
2023-01-14,rohini,348.0
2023-01-14,punjabi_bagh,358.0
2023-01-14,alipur,345.0
2023-01-14,rk_puram,357.0
2023-01-15,anand_vihar,266.0
2023-01-15,rohini,234.0
2023-01-15,punjabi_bagh,233.0
2023-01-15,alipur,204.0
2023-01-15,mandir_marg,198.0
2023-01-15,rk_puram,217.0
2023-01-15,lodhi_road,130.0
2023-01-15,ito,248.0
2023-01-15,nsit_dwarka,229.0
2023-01-15,wazirpur,228.0
2023-01-16,mandir_marg,244.0
2023-01-16,rohini,286.0
2023-01-16,lodhi_road,196.0
2023-01-16,anand_vihar,368.0
2023-01-16,rk_puram,271.0
2023-01-16,nsit_dwarka,298.0
2023-01-16,punjabi_bagh,279.0
2023-01-16,alipur,276.0
2023-01-16,wazirpur,271.0
2023-01-17,rohini,295.0
2023-01-17,punjabi_bagh,294.0
2023-01-17,alipur,260.0
2023-01-17,wazirpur,297.0
2023-01-17,lodhi_road,210.0
2023-01-17,nsit_dwarka,335.0
2023-01-17,mandir_marg,275.0
2023-01-17,anand_vihar,348.0
2023-01-17,ito,332.0
2023-01-17,rk_puram,289.0
2023-01-18,ito,354.0
2023-01-18,wazirpur,363.0
2023-01-18,lodhi_road,221.0
2023-01-18,anand_vihar,365.0
2023-01-18,punjabi_bagh,328.0
2023-01-18,alipur,282.0
2023-01-18,rk_puram,304.0
2023-01-18,nsit_dwarka,332.0
2023-01-18,rohini,345.0
2023-01-18,mandir_marg,287.0
2023-01-19,lodhi_road,275.0
2023-01-19,punjabi_bagh,347.0
2023-01-19,wazirpur,360.0
2023-01-19,alipur,324.0
2023-01-19,mandir_marg,335.0
2023-01-19,nsit_dwarka,350.0
2023-01-19,anand_vihar,390.0
2023-01-19,ito,376.0
2023-01-19,rohini,350.0
2023-01-19,rk_puram,373.0
2023-01-20,nsit_dwarka,222.0
2023-01-20,ito,252.0
2023-01-20,punjabi_bagh,245.0
2023-01-20,rk_puram,240.0
2023-01-20,rohini,215.0
2023-01-20,wazirpur,233.0
2023-01-20,alipur,197.0
2023-01-20,lodhi_road,174.0
2023-01-20,mandir_marg,229.0
2023-01-20,anand_vihar,275.0
2023-01-21,lodhi_road,194.0
2023-01-21,punjabi_bagh,360.0
2023-01-21,nsit_dwarka,298.0
2023-01-21,anand_vihar,312.0
2023-01-21,rohini,314.0
2023-01-21,ito,332.0
2023-01-21,wazirpur,321.0
2023-01-21,alipur,310.0
2023-01-21,mandir_marg,280.0
2023-01-21,rk_puram,317.0
2023-01-22,wazirpur,445.0
2023-01-22,alipur,404.0
2023-01-22,anand_vihar,427.0
2023-01-22,lodhi_road,355.0
2023-01-22,nsit_dwarka,420.0
2023-01-22,punjabi_bagh,437.0
2023-01-22,rk_puram,440.0
2023-01-22,rohini,431.0
2023-01-22,ito,440.0
2023-01-23,punjabi_bagh,287.0
2023-01-23,nsit_dwarka,350.0
2023-01-23,rk_puram,368.0
2023-01-23,mandir_marg,335.0
2023-01-23,lodhi_road,280.0
2023-01-23,rohini,345.0
2023-01-23,ito,366.0
2023-01-23,anand_vihar,372.0
2023-01-23,wazirpur,347.0
2023-01-23,alipur,343.0
2023-01-24,rohini,301.0
2023-01-24,wazirpur,279.0
2023-01-24,punjabi_bagh,245.0
2023-01-24,nsit_dwarka,267.0
2023-01-24,alipur,246.0
2023-01-24,rk_puram,303.0
2023-01-24,mandir_marg,217.0
2023-01-24,ito,292.0
2023-01-24,lodhi_road,171.0
2023-01-24,anand_vihar,235.0
2023-01-25,rk_puram,152.0
2023-01-25,rohini,198.0
2023-01-25,wazirpur,233.0
2023-01-25,ito,315.0
2023-01-25,punjabi_bagh,192.0
2023-01-25,anand_vihar,180.0
2023-01-25,mandir_marg,155.0
2023-01-25,lodhi_road,103.0
2023-01-25,nsit_dwarka,148.0
2023-01-25,alipur,162.0
2023-01-26,mandir_marg,312.0
2023-01-26,wazirpur,331.0
2023-01-26,lodhi_road,242.0
2023-01-26,nsit_dwarka,314.0
2023-01-26,alipur,304.0
2023-01-26,rohini,316.0
2023-01-26,ito,378.0
2023-01-26,anand_vihar,337.0
2023-01-26,rk_puram,329.0
2023-01-26,punjabi_bagh,328.0
2023-01-27,rohini,263.0
2023-01-27,punjabi_bagh,263.0
2023-01-27,ito,178.0
2023-01-27,nsit_dwarka,296.0
2023-01-27,anand_vihar,278.0
2023-01-27,wazirpur,269.0
2023-01-27,rk_puram,258.0
2023-01-27,alipur,215.0
2023-01-27,mandir_marg,225.0
2023-01-27,lodhi_road,131.0
2023-01-28,rohini,264.0
2023-01-28,alipur,230.0
2023-01-28,punjabi_bagh,254.0
2023-01-28,rk_puram,250.0
2023-01-28,wazirpur,265.0
2023-01-28,mandir_marg,221.0
2023-01-28,ito,238.0
2023-01-28,lodhi_road,145.0
2023-01-28,nsit_dwarka,297.0
2023-01-28,anand_vihar,278.0
2023-01-29,punjabi_bagh,344.0
2023-01-29,lodhi_road,260.0
2023-01-29,ito,373.0
2023-01-29,anand_vihar,378.0
2023-01-29,alipur,343.0
2023-01-29,nsit_dwarka,359.0
2023-01-29,mandir_marg,305.0
2023-01-29,wazirpur,362.0
2023-01-29,rk_puram,346.0
2023-01-29,rohini,362.0
2023-01-30,nsit_dwarka,180.0
2023-01-30,anand_vihar,232.0
2023-01-30,ito,276.0
2023-01-30,mandir_marg,221.0
2023-01-30,wazirpur,234.0
2023-01-30,punjabi_bagh,263.0
2023-01-30,rk_puram,193.0
2023-01-30,rohini,219.0
2023-01-31,anand_vihar,246.0
2023-01-31,punjabi_bagh,229.0
2023-01-31,mandir_marg,153.0
2023-01-31,rohini,202.0
2023-01-31,alipur,138.0
2023-01-31,lodhi_road,130.0
2023-01-31,ito,309.0
2023-01-31,wazirpur,253.0
2023-01-31,nsit_dwarka,175.0
2023-02-01,ito,164.0
2023-02-01,mandir_marg,161.0
2023-02-01,rohini,177.0
2023-02-01,alipur,132.0
2023-02-01,punjabi_bagh,193.0
2023-02-01,anand_vihar,216.0
2023-02-01,lodhi_road,111.0
2023-02-01,rk_puram,197.0
2023-02-01,wazirpur,191.0
2023-02-01,nsit_dwarka,230.0
2023-02-02,alipur,171.0
2023-02-02,lodhi_road,111.0
2023-02-02,nsit_dwarka,272.0
2023-02-02,anand_vihar,298.0
2023-02-02,punjabi_bagh,231.0
2023-02-02,rohini,234.0
2023-02-02,mandir_marg,177.0
2023-02-02,wazirpur,226.0
2023-02-02,rk_puram,207.0
2023-02-02,ito,166.0
2023-02-03,anand_vihar,346.0
2023-02-03,ito,200.0
2023-02-03,nsit_dwarka,279.0
2023-02-03,rk_puram,201.0
2023-02-03,mandir_marg,184.0
2023-02-03,rohini,241.0
2023-02-03,wazirpur,232.0
2023-02-03,alipur,203.0
2023-02-03,punjabi_bagh,221.0
2023-02-03,lodhi_road,116.0
2023-02-04,rohini,285.0
2023-02-04,anand_vihar,415.0
2023-02-04,alipur,266.0
2023-02-04,punjabi_bagh,277.0
2023-02-04,mandir_marg,231.0
2023-02-04,rk_puram,245.0
2023-02-04,lodhi_road,154.0
2023-02-04,ito,278.0
2023-02-05,ito,269.0
2023-02-05,lodhi_road,156.0
2023-02-05,alipur,253.0
2023-02-05,punjabi_bagh,279.0
2023-02-05,wazirpur,274.0
2023-02-05,mandir_marg,240.0
2023-02-05,rk_puram,249.0
2023-02-05,rohini,281.0
2023-02-05,anand_vihar,323.0
2023-02-06,punjabi_bagh,280.0
2023-02-06,anand_vihar,366.0
2023-02-06,rohini,303.0
2023-02-06,mandir_marg,203.0
2023-02-06,nsit_dwarka,228.0
2023-02-06,wazirpur,326.0
2023-02-06,alipur,298.0
2023-02-06,lodhi_road,170.0
2023-02-06,rk_puram,251.0
2023-02-06,ito,317.0
2023-02-07,rohini,286.0
2023-02-07,ito,431.0
2023-02-07,nsit_dwarka,283.0
2023-02-07,alipur,297.0
2023-02-07,lodhi_road,229.0
2023-02-07,punjabi_bagh,293.0
2023-02-07,anand_vihar,387.0
2023-02-07,mandir_marg,258.0
2023-02-07,wazirpur,330.0
2023-02-07,rk_puram,285.0
2023-02-08,punjabi_bagh,132.0
2023-02-08,wazirpur,171.0
2023-02-08,alipur,119.0
2023-02-08,ito,167.0
2023-02-08,anand_vihar,304.0
2023-02-08,nsit_dwarka,324.0
2023-02-08,rohini,155.0
2023-02-08,rk_puram,121.0
2023-02-08,lodhi_road,101.0
2023-02-09,rohini,239.0
2023-02-09,punjabi_bagh,218.0
2023-02-09,nsit_dwarka,293.0
2023-02-09,rk_puram,223.0
2023-02-09,lodhi_road,131.0
2023-02-09,mandir_marg,192.0
2023-02-09,anand_vihar,332.0
2023-02-09,alipur,211.0
2023-02-09,wazirpur,247.0
2023-02-10,ito,372.0
2023-02-10,rohini,190.0
2023-02-10,alipur,277.0
2023-02-10,nsit_dwarka,224.0
2023-02-10,rk_puram,192.0
2023-02-10,mandir_marg,179.0
2023-02-10,wazirpur,231.0
2023-02-10,lodhi_road,135.0
2023-02-10,anand_vihar,182.0
2023-02-10,punjabi_bagh,185.0
2023-02-11,lodhi_road,199.0
2023-02-11,mandir_marg,244.0
2023-02-11,rk_puram,296.0
2023-02-11,ito,308.0
2023-02-11,wazirpur,315.0
2023-02-11,anand_vihar,356.0
2023-02-11,rohini,319.0
2023-02-11,punjabi_bagh,282.0
2023-02-11,alipur,289.0
2023-02-11,nsit_dwarka,299.0
2023-02-12,nsit_dwarka,271.0
2023-02-12,rohini,178.0
2023-02-12,alipur,161.0
2023-02-12,wazirpur,190.0
2023-02-12,punjabi_bagh,164.0
2023-02-12,anand_vihar,274.0
2023-02-12,rk_puram,166.0
2023-02-12,lodhi_road,126.0
2023-02-13,lodhi_road,102.0
2023-02-13,alipur,125.0
2023-02-13,rk_puram,129.0
2023-02-13,mandir_marg,126.0
2023-02-13,anand_vihar,212.0
2023-02-13,wazirpur,173.0
2023-02-13,rohini,121.0
2023-02-13,nsit_dwarka,193.0
2023-02-13,punjabi_bagh,133.0
2023-02-13,ito,111.0
2023-02-14,anand_vihar,187.0
2023-02-14,alipur,116.0
2023-02-14,rohini,116.0
2023-02-14,ito,104.0
2023-02-14,lodhi_road,105.0
2023-02-14,punjabi_bagh,135.0
2023-02-14,rk_puram,126.0
2023-02-14,nsit_dwarka,211.0
2023-02-14,wazirpur,149.0
2023-02-14,mandir_marg,117.0
2023-02-15,ito,189.0
2023-02-15,lodhi_road,130.0
2023-02-15,wazirpur,200.0
2023-02-15,punjabi_bagh,193.0
2023-02-15,mandir_marg,167.0
2023-02-15,nsit_dwarka,308.0
2023-02-15,rohini,214.0
2023-02-15,rk_puram,198.0
2023-02-15,anand_vihar,227.0
2023-02-15,alipur,175.0
2023-02-16,lodhi_road,195.0
2023-02-16,nsit_dwarka,354.0
2023-02-16,wazirpur,291.0
2023-02-16,punjabi_bagh,258.0
2023-02-16,rohini,288.0
2023-02-16,anand_vihar,310.0
2023-02-16,mandir_marg,246.0
2023-02-16,ito,293.0
2023-02-16,alipur,277.0
2023-02-17,rk_puram,381.0
2023-02-17,alipur,381.0
2023-02-17,rohini,394.0
2023-02-17,mandir_marg,340.0
2023-02-17,ito,365.0
2023-02-17,wazirpur,405.0
2023-02-17,anand_vihar,415.0
2023-02-17,lodhi_road,307.0
2023-02-17,nsit_dwarka,445.0
2023-02-17,punjabi_bagh,374.0
2023-02-18,lodhi_road,316.0
2023-02-18,alipur,381.0
2023-02-18,ito,360.0
2023-02-18,mandir_marg,354.0
2023-02-18,wazirpur,437.0
2023-02-18,punjabi_bagh,403.0
2023-02-18,rk_puram,389.0
2023-02-18,anand_vihar,388.0
2023-02-18,rohini,413.0
2023-02-18,nsit_dwarka,435.0
2023-02-19,wazirpur,369.0
2023-02-19,mandir_marg,318.0
2023-02-19,alipur,321.0
2023-02-19,nsit_dwarka,389.0
2023-02-19,ito,394.0
2023-02-19,rohini,350.0
2023-02-19,lodhi_road,282.0
2023-02-19,anand_vihar,355.0
2023-02-19,rk_puram,350.0
2023-02-19,punjabi_bagh,354.0
2023-02-20,nsit_dwarka,351.0
2023-02-20,rk_puram,318.0
2023-02-20,punjabi_bagh,319.0
2023-02-20,anand_vihar,357.0
2023-02-20,rohini,340.0
2023-02-20,alipur,359.0
2023-02-20,mandir_marg,305.0
2023-02-20,ito,426.0
2023-02-20,lodhi_road,308.0
2023-02-21,anand_vihar,250.0
2023-02-21,mandir_marg,234.0
2023-02-21,alipur,286.0
2023-02-21,wazirpur,290.0
2023-02-21,punjabi_bagh,237.0
2023-02-21,rk_puram,266.0
2023-02-21,ito,367.0
2023-02-21,nsit_dwarka,295.0
2023-02-21,lodhi_road,179.0
2023-02-21,rohini,228.0
2023-02-22,wazirpur,354.0
2023-02-22,punjabi_bagh,342.0
2023-02-22,lodhi_road,148.0
2023-02-22,rohini,326.0
2023-02-22,nsit_dwarka,349.0
2023-02-22,ito,451.0
2023-02-22,rk_puram,335.0
2023-02-22,mandir_marg,309.0
2023-02-22,anand_vihar,345.0
2023-02-22,alipur,313.0
2023-02-23,rohini,241.0
2023-02-23,wazirpur,239.0
2023-02-23,nsit_dwarka,331.0
2023-02-23,ito,207.0
2023-02-23,alipur,223.0
2023-02-23,rk_puram,235.0
2023-02-23,anand_vihar,242.0
2023-02-23,mandir_marg,196.0
2023-02-23,punjabi_bagh,239.0
2023-02-24,punjabi_bagh,160.0
2023-02-24,rk_puram,169.0
2023-02-24,anand_vihar,190.0
2023-02-24,ito,167.0
2023-02-24,mandir_marg,141.0
2023-02-24,rohini,162.0
2023-02-24,wazirpur,194.0
2023-02-24,lodhi_road,124.0
2023-02-24,alipur,157.0
2023-02-24,nsit_dwarka,284.0
2023-02-25,rk_puram,230.0
2023-02-25,rohini,244.0
2023-02-25,nsit_dwarka,305.0
2023-02-25,mandir_marg,212.0
2023-02-25,ito,237.0
2023-02-25,punjabi_bagh,244.0
2023-02-25,wazirpur,242.0
2023-02-25,alipur,231.0
2023-02-25,lodhi_road,150.0
2023-02-25,anand_vihar,263.0
2023-02-26,punjabi_bagh,307.0
2023-02-26,rohini,305.0
2023-02-26,wazirpur,311.0
2023-02-26,ito,302.0
2023-02-26,mandir_marg,291.0
2023-02-26,anand_vihar,353.0
2023-02-26,alipur,295.0
2023-02-26,lodhi_road,235.0
2023-02-26,rk_puram,286.0
2023-02-26,nsit_dwarka,367.0
2023-02-27,rohini,269.0
2023-02-27,anand_vihar,303.0
2023-02-27,lodhi_road,205.0
2023-02-27,wazirpur,280.0
2023-02-27,alipur,270.0
2023-02-27,punjabi_bagh,280.0
2023-02-27,ito,275.0
2023-02-27,nsit_dwarka,335.0
2023-02-27,rk_puram,256.0
2023-02-27,mandir_marg,237.0
2023-02-28,rk_puram,234.0
2023-02-28,nsit_dwarka,308.0
2023-02-28,anand_vihar,238.0
2023-02-28,lodhi_road,175.0
2023-02-28,ito,205.0
2023-02-28,punjabi_bagh,228.0
2023-02-28,mandir_marg,173.0
2023-02-28,alipur,236.0
2023-02-28,wazirpur,261.0
2023-03-01,anand_vihar,232.0
2023-03-01,nsit_dwarka,212.0
2023-03-01,lodhi_road,131.0
2023-03-01,wazirpur,213.0
2023-03-01,alipur,134.0
2023-03-01,ito,152.0
2023-03-01,rohini,173.0
2023-03-01,rk_puram,170.0
2023-03-01,punjabi_bagh,199.0
2023-03-02,wazirpur,263.0
2023-03-02,rk_puram,264.0
2023-03-02,anand_vihar,289.0
2023-03-02,punjabi_bagh,238.0
2023-03-02,mandir_marg,167.0
2023-03-02,rohini,217.0
2023-03-02,ito,215.0
2023-03-02,lodhi_road,160.0
2023-03-02,nsit_dwarka,299.0
2023-03-02,alipur,223.0
2023-03-03,alipur,123.0
2023-03-03,punjabi_bagh,143.0
2023-03-03,rohini,158.0
2023-03-03,mandir_marg,122.0
2023-03-03,rk_puram,170.0
2023-03-03,lodhi_road,111.0
2023-03-03,wazirpur,185.0
2023-03-03,ito,125.0
2023-03-03,anand_vihar,198.0
2023-03-04,lodhi_road,106.0
2023-03-04,anand_vihar,194.0
2023-03-04,rk_puram,113.0
2023-03-04,alipur,113.0
2023-03-04,rohini,126.0
2023-03-04,punjabi_bagh,121.0
2023-03-04,nsit_dwarka,188.0
2023-03-04,ito,103.0
2023-03-05,lodhi_road,108.0
2023-03-05,rohini,132.0
2023-03-05,wazirpur,153.0
2023-03-05,punjabi_bagh,132.0
2023-03-05,anand_vihar,225.0
2023-03-05,nsit_dwarka,214.0
2023-03-05,ito,113.0
2023-03-05,rk_puram,121.0
2023-03-05,alipur,116.0
2023-03-06,ito,129.0
2023-03-06,punjabi_bagh,156.0
2023-03-06,rohini,150.0
2023-03-06,mandir_marg,126.0
2023-03-06,wazirpur,150.0
2023-03-06,anand_vihar,140.0
2023-03-06,alipur,128.0
2023-03-06,lodhi_road,109.0
2023-03-06,rk_puram,148.0
2023-03-06,nsit_dwarka,252.0
2023-03-07,punjabi_bagh,185.0
2023-03-07,alipur,186.0
2023-03-07,wazirpur,221.0
2023-03-07,mandir_marg,166.0
2023-03-07,ito,157.0
2023-03-07,lodhi_road,110.0
2023-03-07,rk_puram,198.0
2023-03-07,nsit_dwarka,282.0
2023-03-07,rohini,180.0
2023-03-07,anand_vihar,236.0
2023-03-08,nsit_dwarka,290.0
2023-03-08,punjabi_bagh,224.0
2023-03-08,rk_puram,244.0
2023-03-08,ito,264.0
2023-03-08,anand_vihar,278.0
2023-03-08,mandir_marg,199.0
2023-03-08,lodhi_road,160.0
2023-03-08,alipur,211.0
2023-03-08,rohini,219.0
2023-03-09,wazirpur,120.0
2023-03-09,mandir_marg,228.0
2023-03-09,alipur,93.0
2023-03-09,ito,112.0
2023-03-09,nsit_dwarka,165.0
2023-03-09,punjabi_bagh,109.0
2023-03-09,lodhi_road,85.0
2023-03-09,rohini,116.0
2023-03-09,rk_puram,119.0
2023-03-09,anand_vihar,150.0
2023-03-10,rohini,225.0
2023-03-10,alipur,174.0
2023-03-10,mandir_marg,178.0
2023-03-10,lodhi_road,117.0
2023-03-10,ito,186.0
2023-03-10,rk_puram,213.0
2023-03-10,nsit_dwarka,318.0
2023-03-10,punjabi_bagh,222.0
2023-03-10,anand_vihar,220.0
2023-03-10,wazirpur,221.0
2023-03-11,mandir_marg,228.0
2023-03-11,nsit_dwarka,314.0
2023-03-11,punjabi_bagh,225.0
2023-03-11,anand_vihar,248.0
2023-03-11,lodhi_road,129.0
2023-03-11,wazirpur,234.0
2023-03-11,rohini,232.0
2023-03-11,alipur,225.0
2023-03-11,rk_puram,215.0
2023-03-11,ito,178.0
2023-03-12,anand_vihar,313.0
2023-03-12,rohini,224.0
2023-03-12,punjabi_bagh,199.0
2023-03-12,nsit_dwarka,289.0
2023-03-12,mandir_marg,191.0
2023-03-12,wazirpur,252.0
2023-03-12,lodhi_road,154.0
2023-03-12,rk_puram,196.0
2023-03-13,anand_vihar,304.0
2023-03-13,ito,213.0
2023-03-13,nsit_dwarka,311.0
2023-03-13,wazirpur,260.0
2023-03-13,lodhi_road,168.0
2023-03-13,rohini,264.0
2023-03-13,punjabi_bagh,238.0
2023-03-13,rk_puram,221.0
2023-03-13,alipur,257.0
2023-03-13,mandir_marg,191.0
2023-03-14,rohini,235.0
2023-03-14,rk_puram,217.0
2023-03-14,punjabi_bagh,234.0
2023-03-14,wazirpur,248.0
2023-03-14,mandir_marg,207.0
2023-03-14,ito,206.0
2023-03-14,lodhi_road,162.0
2023-03-14,nsit_dwarka,300.0
2023-03-14,anand_vihar,253.0
2023-03-14,alipur,266.0
2023-03-15,punjabi_bagh,191.0
2023-03-15,ito,237.0
2023-03-15,nsit_dwarka,273.0
2023-03-15,anand_vihar,321.0
2023-03-15,lodhi_road,116.0
2023-03-15,wazirpur,218.0
2023-03-15,rohini,223.0
2023-03-15,alipur,228.0
2023-03-15,rk_puram,180.0
2023-03-15,mandir_marg,252.0
2023-03-16,rohini,259.0
2023-03-16,nsit_dwarka,243.0
2023-03-16,anand_vihar,326.0
2023-03-16,mandir_marg,232.0
2023-03-16,lodhi_road,210.0
2023-03-16,punjabi_bagh,268.0
2023-03-16,wazirpur,290.0
2023-03-16,alipur,280.0
2023-03-16,rk_puram,254.0
2023-03-17,punjabi_bagh,179.0
2023-03-17,anand_vihar,254.0
2023-03-17,nsit_dwarka,151.0
2023-03-17,rk_puram,182.0
2023-03-17,lodhi_road,148.0
2023-03-17,alipur,167.0
2023-03-17,mandir_marg,252.0
2023-03-17,wazirpur,208.0
2023-03-18,lodhi_road,136.0
2023-03-18,alipur,169.0
2023-03-18,nsit_dwarka,153.0
2023-03-18,anand_vihar,154.0
2023-03-18,mandir_marg,160.0
2023-03-18,wazirpur,216.0
2023-03-18,rk_puram,219.0
2023-03-18,punjabi_bagh,184.0
2023-03-18,rohini,243.0
2023-03-19,nsit_dwarka,180.0
2023-03-19,mandir_marg,160.0
2023-03-19,punjabi_bagh,226.0
2023-03-19,rk_puram,166.0
2023-03-19,anand_vihar,218.0
2023-03-19,lodhi_road,104.0
2023-03-20,rk_puram,127.0
2023-03-20,nsit_dwarka,182.0
2023-03-20,mandir_marg,114.0
2023-03-20,rohini,186.0
2023-03-20,wazirpur,218.0
2023-03-20,lodhi_road,95.0
2023-03-20,alipur,157.0
2023-03-20,punjabi_bagh,152.0
2023-03-20,anand_vihar,308.0
2023-03-21,lodhi_road,43.0
2023-03-21,punjabi_bagh,78.0
2023-03-21,rohini,64.0
2023-03-21,rk_puram,92.0
2023-03-21,mandir_marg,183.0
2023-03-21,wazirpur,80.0
2023-03-21,anand_vihar,114.0
2023-03-21,nsit_dwarka,58.0
2023-03-21,alipur,55.0
2023-03-22,lodhi_road,115.0
2023-03-22,wazirpur,159.0
2023-03-22,anand_vihar,216.0
2023-03-22,alipur,120.0
2023-03-22,rohini,200.0
2023-03-22,mandir_marg,199.0
2023-03-22,punjabi_bagh,228.0
2023-03-22,nsit_dwarka,144.0
2023-03-22,rk_puram,239.0
2023-03-23,anand_vihar,242.0
2023-03-23,wazirpur,189.0
2023-03-23,alipur,186.0
2023-03-23,punjabi_bagh,170.0
2023-03-23,rohini,206.0
2023-03-23,mandir_marg,114.0
2023-03-23,nsit_dwarka,143.0
2023-03-23,lodhi_road,72.0
2023-03-23,rk_puram,112.0
2023-03-24,alipur,219.0
2023-03-24,rohini,245.0
2023-03-24,rk_puram,198.0
2023-03-24,lodhi_road,133.0
2023-03-24,mandir_marg,172.0
2023-03-24,ito,196.0
2023-03-24,punjabi_bagh,208.0
2023-03-24,wazirpur,247.0
2023-03-24,nsit_dwarka,228.0
2023-03-24,anand_vihar,292.0
2023-03-25,ito,70.0
2023-03-25,rk_puram,66.0
2023-03-25,anand_vihar,101.0
2023-03-25,rohini,71.0
2023-03-25,mandir_marg,69.0
2023-03-25,alipur,73.0
2023-03-25,lodhi_road,51.0
2023-03-25,wazirpur,123.0
2023-03-25,nsit_dwarka,79.0
2023-03-25,punjabi_bagh,81.0
2023-03-26,mandir_marg,125.0
2023-03-26,lodhi_road,103.0
2023-03-26,ito,133.0
2023-03-26,wazirpur,189.0
2023-03-26,anand_vihar,215.0
2023-03-26,punjabi_bagh,192.0
2023-03-26,alipur,115.0
2023-03-26,nsit_dwarka,191.0
2023-03-26,rohini,166.0
2023-03-26,rk_puram,161.0
2023-03-27,wazirpur,158.0
2023-03-27,ito,106.0
2023-03-27,lodhi_road,104.0
2023-03-27,nsit_dwarka,187.0
2023-03-27,alipur,130.0
2023-03-27,punjabi_bagh,144.0
2023-03-27,rk_puram,138.0
2023-03-27,rohini,138.0
2023-03-27,mandir_marg,126.0
2023-03-27,anand_vihar,163.0
2023-03-28,punjabi_bagh,141.0
2023-03-28,nsit_dwarka,174.0
2023-03-28,rohini,152.0
2023-03-28,mandir_marg,122.0
2023-03-28,ito,118.0
2023-03-28,anand_vihar,161.0
2023-03-28,lodhi_road,93.0
2023-03-28,rk_puram,139.0
2023-03-28,alipur,160.0
2023-03-28,wazirpur,190.0
2023-03-29,nsit_dwarka,306.0
2023-03-29,lodhi_road,119.0
2023-03-29,rohini,206.0
2023-03-29,anand_vihar,248.0
2023-03-29,punjabi_bagh,210.0
2023-03-29,alipur,187.0
2023-03-29,rk_puram,175.0
2023-03-29,ito,188.0
2023-03-29,wazirpur,209.0
2023-03-29,mandir_marg,150.0
2023-03-30,rohini,163.0
2023-03-30,rk_puram,222.0
2023-03-30,lodhi_road,109.0
2023-03-30,alipur,179.0
2023-03-30,mandir_marg,146.0
2023-03-30,wazirpur,186.0
2023-03-30,anand_vihar,244.0
2023-03-30,ito,136.0
2023-03-30,punjabi_bagh,179.0
2023-03-30,nsit_dwarka,164.0
2023-03-31,mandir_marg,66.0
2023-03-31,punjabi_bagh,66.0
2023-03-31,lodhi_road,41.0
2023-03-31,rohini,61.0
2023-03-31,rk_puram,61.0
2023-03-31,wazirpur,74.0
2023-03-31,alipur,61.0
2023-03-31,ito,63.0
2023-03-31,anand_vihar,122.0
2023-03-31,nsit_dwarka,62.0
2023-04-01,anand_vihar,121.0
2023-04-01,rk_puram,92.0
2023-04-01,lodhi_road,59.0
2023-04-01,punjabi_bagh,104.0
2023-04-01,wazirpur,116.0
2023-04-01,rohini,99.0
2023-04-01,alipur,201.0
2023-04-01,nsit_dwarka,105.0
2023-04-01,mandir_marg,186.0
2023-04-01,ito,76.0
2023-04-02,anand_vihar,188.0
2023-04-02,wazirpur,209.0
2023-04-02,nsit_dwarka,189.0
2023-04-02,mandir_marg,94.0
2023-04-02,rohini,190.0
2023-04-02,lodhi_road,65.0
2023-04-02,alipur,112.0
2023-04-02,rk_puram,112.0
2023-04-02,punjabi_bagh,153.0
2023-04-02,ito,123.0
2023-04-03,lodhi_road,93.0
2023-04-03,ito,144.0
2023-04-03,rk_puram,205.0
2023-04-03,wazirpur,227.0
2023-04-03,alipur,163.0
2023-04-03,anand_vihar,278.0
2023-04-03,mandir_marg,192.0
2023-04-03,punjabi_bagh,201.0
2023-04-03,rohini,166.0
2023-04-03,nsit_dwarka,289.0
2023-04-04,lodhi_road,79.0
2023-04-04,rohini,93.0
2023-04-04,punjabi_bagh,111.0
2023-04-04,alipur,86.0
2023-04-04,wazirpur,137.0
2023-04-04,mandir_marg,121.0
2023-04-04,rk_puram,129.0
2023-04-04,ito,72.0
2023-04-04,nsit_dwarka,142.0
2023-04-05,wazirpur,177.0
2023-04-05,ito,68.0
2023-04-05,anand_vihar,161.0
2023-04-05,rk_puram,174.0
2023-04-05,punjabi_bagh,127.0
2023-04-05,rohini,115.0
2023-04-05,mandir_marg,164.0
2023-04-05,lodhi_road,84.0
2023-04-05,alipur,124.0
2023-04-05,nsit_dwarka,222.0
2023-04-06,wazirpur,208.0
2023-04-06,rohini,145.0
2023-04-06,punjabi_bagh,150.0
2023-04-06,alipur,156.0
2023-04-06,mandir_marg,126.0
2023-04-06,ito,83.0
2023-04-06,lodhi_road,93.0
2023-04-06,nsit_dwarka,205.0
2023-04-06,rk_puram,141.0
2023-04-06,anand_vihar,161.0
2023-04-07,alipur,142.0
2023-04-07,anand_vihar,127.0
2023-04-07,ito,81.0
2023-04-07,lodhi_road,95.0
2023-04-07,rk_puram,137.0
2023-04-07,mandir_marg,134.0
2023-04-07,nsit_dwarka,259.0
2023-04-07,punjabi_bagh,131.0
2023-04-07,wazirpur,195.0
2023-04-07,rohini,119.0
2023-04-08,anand_vihar,167.0
2023-04-08,punjabi_bagh,169.0
2023-04-08,alipur,153.0
2023-04-08,mandir_marg,130.0
2023-04-08,rk_puram,209.0
2023-04-08,lodhi_road,112.0
2023-04-08,rohini,185.0
2023-04-08,nsit_dwarka,303.0
2023-04-08,wazirpur,191.0
2023-04-08,ito,93.0
2023-04-09,nsit_dwarka,306.0
2023-04-09,mandir_marg,168.0
2023-04-09,wazirpur,295.0
2023-04-09,anand_vihar,273.0
2023-04-09,alipur,230.0
2023-04-09,rohini,250.0
2023-04-09,ito,181.0
2023-04-09,punjabi_bagh,248.0
2023-04-09,rk_puram,238.0
2023-04-09,lodhi_road,120.0
2023-04-10,nsit_dwarka,275.0
2023-04-10,mandir_marg,150.0
2023-04-10,rohini,200.0
2023-04-10,anand_vihar,267.0
2023-04-10,lodhi_road,100.0
2023-04-10,ito,123.0
2023-04-10,punjabi_bagh,189.0
2023-04-10,rk_puram,222.0
2023-04-10,wazirpur,296.0
2023-04-10,alipur,223.0
2023-04-11,mandir_marg,227.0
2023-04-11,alipur,296.0
2023-04-11,wazirpur,362.0
2023-04-11,rohini,289.0
2023-04-11,rk_puram,280.0
2023-04-11,lodhi_road,158.0
2023-04-11,punjabi_bagh,281.0
2023-04-11,nsit_dwarka,338.0
2023-04-11,anand_vihar,291.0
2023-04-11,ito,198.0
2023-04-12,rk_puram,247.0
2023-04-12,nsit_dwarka,330.0
2023-04-12,alipur,220.0
2023-04-12,anand_vihar,215.0
2023-04-12,mandir_marg,176.0
2023-04-12,punjabi_bagh,202.0
2023-04-12,wazirpur,277.0
2023-04-12,rohini,217.0
2023-04-12,ito,122.0
2023-04-12,lodhi_road,148.0
2023-04-13,ito,109.0
2023-04-13,anand_vihar,233.0
2023-04-13,nsit_dwarka,247.0
2023-04-13,wazirpur,259.0
2023-04-13,alipur,220.0
2023-04-13,rk_puram,227.0
2023-04-13,punjabi_bagh,239.0
2023-04-13,rohini,248.0
2023-04-13,lodhi_road,140.0
2023-04-13,mandir_marg,174.0
2023-04-14,mandir_marg,188.0
2023-04-14,rohini,279.0
2023-04-14,alipur,300.0
2023-04-14,rk_puram,269.0
2023-04-14,wazirpur,305.0
2023-04-14,punjabi_bagh,274.0
2023-04-14,ito,169.0
2023-04-14,anand_vihar,263.0
2023-04-14,lodhi_road,175.0
2023-04-14,nsit_dwarka,336.0
2023-04-15,lodhi_road,128.0
2023-04-15,rk_puram,230.0
2023-04-15,wazirpur,321.0
2023-04-15,ito,150.0
2023-04-15,mandir_marg,172.0
2023-04-15,rohini,278.0
2023-04-15,nsit_dwarka,299.0
2023-04-15,punjabi_bagh,267.0
2023-04-15,anand_vihar,246.0
2023-04-15,alipur,308.0
2023-04-16,lodhi_road,150.0
2023-04-16,anand_vihar,317.0
2023-04-16,punjabi_bagh,234.0
2023-04-16,ito,195.0
2023-04-16,wazirpur,293.0
2023-04-16,mandir_marg,173.0
2023-04-16,rk_puram,248.0
2023-04-16,rohini,254.0
2023-04-16,nsit_dwarka,211.0
2023-04-16,alipur,205.0
2023-04-17,wazirpur,288.0
2023-04-17,mandir_marg,157.0
2023-04-17,rohini,230.0
2023-04-17,ito,144.0
2023-04-17,nsit_dwarka,279.0
2023-04-17,anand_vihar,288.0
2023-04-17,lodhi_road,133.0
2023-04-17,rk_puram,198.0
2023-04-17,punjabi_bagh,222.0
2023-04-18,anand_vihar,311.0
2023-04-18,wazirpur,280.0
2023-04-18,punjabi_bagh,231.0
2023-04-18,nsit_dwarka,303.0
2023-04-18,lodhi_road,144.0
2023-04-18,rohini,264.0
2023-04-18,mandir_marg,156.0
2023-04-18,ito,178.0
2023-04-18,alipur,314.0
2023-04-18,rk_puram,236.0
2023-04-19,mandir_marg,205.0
2023-04-19,nsit_dwarka,226.0
2023-04-19,alipur,252.0
2023-04-19,ito,142.0
2023-04-19,punjabi_bagh,240.0
2023-04-19,anand_vihar,259.0
2023-04-19,rohini,256.0
2023-04-19,lodhi_road,191.0
2023-04-19,wazirpur,240.0
2023-04-19,rk_puram,252.0
2023-04-20,anand_vihar,152.0
2023-04-20,ito,101.0
2023-04-20,lodhi_road,134.0
2023-04-20,rk_puram,170.0
2023-04-20,punjabi_bagh,189.0
2023-04-20,wazirpur,164.0
2023-04-20,alipur,158.0
2023-04-20,mandir_marg,145.0
2023-04-20,nsit_dwarka,175.0
2023-04-21,ito,59.0
2023-04-21,alipur,139.0
2023-04-21,mandir_marg,147.0
2023-04-21,rohini,134.0
2023-04-21,rk_puram,127.0
2023-04-21,lodhi_road,101.0
2023-04-21,wazirpur,142.0
2023-04-21,anand_vihar,118.0
2023-04-21,nsit_dwarka,131.0
2023-04-22,alipur,140.0
2023-04-22,mandir_marg,152.0
2023-04-22,rk_puram,135.0
2023-04-22,lodhi_road,124.0
2023-04-22,rohini,138.0
2023-04-22,wazirpur,167.0
2023-04-22,ito,69.0
2023-04-22,anand_vihar,159.0
2023-04-23,rk_puram,112.0
2023-04-23,ito,53.0
2023-04-23,punjabi_bagh,116.0
2023-04-23,nsit_dwarka,109.0
2023-04-23,anand_vihar,153.0
2023-04-23,alipur,135.0
2023-04-23,wazirpur,135.0
2023-04-23,mandir_marg,148.0
2023-04-23,lodhi_road,95.0
2023-04-23,rohini,106.0
2023-04-24,lodhi_road,107.0
2023-04-24,rk_puram,146.0
2023-04-24,nsit_dwarka,194.0
2023-04-24,alipur,170.0
2023-04-24,wazirpur,187.0
2023-04-24,mandir_marg,162.0
2023-04-24,rohini,166.0
2023-04-24,ito,122.0
2023-04-24,anand_vihar,214.0
2023-04-24,punjabi_bagh,170.0
2023-04-25,ito,92.0
2023-04-25,punjabi_bagh,128.0
2023-04-25,rohini,121.0
2023-04-25,alipur,212.0
2023-04-25,mandir_marg,233.0
2023-04-25,rk_puram,126.0
2023-04-25,wazirpur,148.0
2023-04-25,nsit_dwarka,165.0
2023-04-25,lodhi_road,119.0
2023-04-25,anand_vihar,126.0
2023-04-26,wazirpur,207.0
2023-04-26,rohini,208.0
2023-04-26,mandir_marg,168.0
2023-04-26,rk_puram,238.0
2023-04-26,ito,152.0
2023-04-26,nsit_dwarka,267.0
2023-04-26,anand_vihar,248.0
2023-04-26,lodhi_road,154.0
2023-04-26,alipur,276.0
2023-04-27,anand_vihar,243.0
2023-04-27,lodhi_road,179.0
2023-04-27,punjabi_bagh,204.0
2023-04-27,ito,182.0
2023-04-27,rohini,222.0
2023-04-27,rk_puram,254.0
2023-04-27,mandir_marg,185.0
2023-04-27,alipur,261.0
2023-04-27,nsit_dwarka,273.0
2023-04-27,wazirpur,230.0
2023-04-28,mandir_marg,170.0
2023-04-28,punjabi_bagh,167.0
2023-04-28,alipur,168.0
2023-04-28,nsit_dwarka,183.0
2023-04-28,rohini,133.0
2023-04-28,rk_puram,156.0
2023-04-28,ito,99.0
2023-04-28,wazirpur,176.0
2023-04-28,lodhi_road,131.0
2023-04-28,anand_vihar,187.0
2023-04-29,rk_puram,244.0
2023-04-29,alipur,259.0
2023-04-29,nsit_dwarka,280.0
2023-04-29,mandir_marg,183.0
2023-04-29,wazirpur,252.0
2023-04-29,rohini,228.0
2023-04-29,ito,134.0
2023-04-29,punjabi_bagh,210.0
2023-04-29,anand_vihar,228.0
2023-04-30,punjabi_bagh,134.0
2023-04-30,mandir_marg,166.0
2023-04-30,rohini,135.0
2023-04-30,ito,73.0
2023-04-30,anand_vihar,131.0
2023-04-30,lodhi_road,94.0
2023-04-30,wazirpur,148.0
2023-04-30,alipur,127.0
2023-04-30,rk_puram,142.0
2023-04-30,nsit_dwarka,222.0
2023-05-01,wazirpur,94.0
2023-05-01,rohini,78.0
2023-05-01,alipur,78.0
2023-05-01,lodhi_road,67.0
2023-05-01,anand_vihar,112.0
2023-05-01,punjabi_bagh,108.0
2023-05-01,rk_puram,110.0
2023-05-01,mandir_marg,157.0
2023-05-01,nsit_dwarka,176.0
2023-05-01,ito,71.0
2023-05-02,rk_puram,99.0
2023-05-02,ito,67.0
2023-05-02,lodhi_road,55.0
2023-05-02,anand_vihar,103.0
2023-05-02,punjabi_bagh,104.0
2023-05-02,alipur,61.0
2023-05-02,mandir_marg,121.0
2023-05-02,wazirpur,87.0
2023-05-02,rohini,71.0
2023-05-02,nsit_dwarka,123.0
2023-05-03,anand_vihar,117.0
2023-05-03,ito,77.0
2023-05-03,wazirpur,148.0
2023-05-03,punjabi_bagh,125.0
2023-05-03,rk_puram,117.0
2023-05-03,mandir_marg,98.0
2023-05-03,lodhi_road,77.0
2023-05-03,rohini,138.0
2023-05-03,alipur,95.0
2023-05-03,nsit_dwarka,116.0
2023-05-04,anand_vihar,151.0
2023-05-04,mandir_marg,88.0
2023-05-04,wazirpur,127.0
2023-05-04,alipur,150.0
2023-05-04,nsit_dwarka,76.0
2023-05-04,rohini,125.0
2023-05-04,ito,79.0
2023-05-04,lodhi_road,53.0
2023-05-04,rk_puram,210.0
2023-05-04,punjabi_bagh,123.0
2023-05-05,anand_vihar,223.0
2023-05-05,rk_puram,203.0
2023-05-05,nsit_dwarka,233.0
2023-05-05,wazirpur,227.0
2023-05-05,alipur,171.0
2023-05-05,punjabi_bagh,193.0
2023-05-05,rohini,201.0
2023-05-05,lodhi_road,107.0
2023-05-05,mandir_marg,154.0
2023-05-05,ito,136.0
2023-05-06,alipur,220.0
2023-05-06,wazirpur,276.0
2023-05-06,nsit_dwarka,324.0
2023-05-06,rk_puram,258.0
2023-05-06,rohini,258.0
2023-05-06,anand_vihar,310.0
2023-05-06,punjabi_bagh,257.0
2023-05-06,lodhi_road,175.0
2023-05-06,ito,191.0
2023-05-06,mandir_marg,208.0
2023-05-07,rohini,203.0
2023-05-07,mandir_marg,126.0
2023-05-07,wazirpur,211.0
2023-05-07,rk_puram,168.0
2023-05-07,lodhi_road,113.0
2023-05-07,alipur,200.0
2023-05-07,ito,79.0
2023-05-07,anand_vihar,260.0
2023-05-07,punjabi_bagh,190.0
2023-05-07,nsit_dwarka,164.0
2023-05-08,rohini,127.0
2023-05-08,anand_vihar,143.0
2023-05-08,punjabi_bagh,132.0
2023-05-08,wazirpur,146.0
2023-05-08,nsit_dwarka,170.0
2023-05-08,lodhi_road,108.0
2023-05-08,ito,102.0
2023-05-08,alipur,123.0
2023-05-08,rk_puram,167.0
2023-05-09,rk_puram,226.0
2023-05-09,nsit_dwarka,254.0
2023-05-09,mandir_marg,176.0
2023-05-09,anand_vihar,253.0
2023-05-09,rohini,212.0
2023-05-09,alipur,203.0
2023-05-09,wazirpur,230.0
2023-05-09,lodhi_road,145.0
2023-05-09,ito,125.0
2023-05-09,punjabi_bagh,223.0
2023-05-10,alipur,210.0
2023-05-10,lodhi_road,153.0
2023-05-10,ito,193.0
2023-05-10,nsit_dwarka,294.0
2023-05-10,rohini,211.0
2023-05-10,wazirpur,218.0
2023-05-10,mandir_marg,186.0
2023-05-10,anand_vihar,212.0
2023-05-10,punjabi_bagh,225.0
2023-05-10,rk_puram,237.0
2023-05-11,alipur,303.0
2023-05-11,mandir_marg,235.0
2023-05-11,ito,250.0
2023-05-11,lodhi_road,186.0
2023-05-11,nsit_dwarka,335.0
2023-05-11,punjabi_bagh,311.0
2023-05-11,anand_vihar,341.0
2023-05-11,rohini,326.0
2023-05-11,wazirpur,302.0
2023-05-11,rk_puram,284.0
2023-05-12,rk_puram,238.0
2023-05-12,nsit_dwarka,290.0
2023-05-12,mandir_marg,163.0
2023-05-12,ito,203.0
2023-05-12,alipur,248.0
2023-05-12,wazirpur,278.0
2023-05-12,punjabi_bagh,236.0
2023-05-12,lodhi_road,147.0
2023-05-12,rohini,281.0
2023-05-12,anand_vihar,316.0
2023-05-13,mandir_marg,184.0
2023-05-13,rohini,276.0
2023-05-13,punjabi_bagh,219.0
2023-05-13,anand_vihar,249.0
2023-05-13,wazirpur,280.0
2023-05-13,nsit_dwarka,285.0
2023-05-13,rk_puram,267.0
2023-05-13,lodhi_road,166.0
2023-05-13,alipur,263.0
2023-05-14,lodhi_road,204.0
2023-05-14,wazirpur,291.0
2023-05-14,rk_puram,286.0
2023-05-14,rohini,277.0
2023-05-14,alipur,252.0
2023-05-14,mandir_marg,208.0
2023-05-14,nsit_dwarka,320.0
2023-05-14,anand_vihar,316.0
2023-05-14,punjabi_bagh,261.0
2023-05-14,ito,236.0
2023-05-15,ito,77.0
2023-05-15,lodhi_road,125.0
2023-05-15,alipur,171.0
2023-05-15,mandir_marg,146.0
2023-05-15,rk_puram,176.0
2023-05-15,rohini,152.0
2023-05-15,nsit_dwarka,257.0
2023-05-15,punjabi_bagh,150.0
2023-05-15,wazirpur,174.0
2023-05-15,anand_vihar,150.0
2023-05-16,alipur,279.0
2023-05-16,lodhi_road,261.0
2023-05-16,ito,216.0
2023-05-16,anand_vihar,285.0
2023-05-16,wazirpur,312.0
2023-05-16,mandir_marg,246.0
2023-05-16,nsit_dwarka,364.0
2023-05-16,rk_puram,249.0
2023-05-17,lodhi_road,287.0
2023-05-17,alipur,345.0
2023-05-17,rohini,372.0
2023-05-17,rk_puram,331.0
2023-05-17,ito,306.0
2023-05-17,mandir_marg,347.0
2023-05-17,nsit_dwarka,374.0
2023-05-17,wazirpur,372.0
2023-05-17,anand_vihar,350.0
2023-05-18,anand_vihar,174.0
2023-05-18,nsit_dwarka,237.0
2023-05-18,alipur,123.0
2023-05-18,rohini,163.0
2023-05-18,lodhi_road,121.0
2023-05-18,mandir_marg,129.0
2023-05-18,wazirpur,137.0
2023-05-18,rk_puram,152.0
2023-05-18,punjabi_bagh,151.0
2023-05-19,wazirpur,135.0
2023-05-19,lodhi_road,100.0
2023-05-19,punjabi_bagh,133.0
2023-05-19,alipur,174.0
2023-05-19,mandir_marg,127.0
2023-05-19,rohini,124.0
2023-05-19,rk_puram,182.0
2023-05-19,nsit_dwarka,222.0
2023-05-19,anand_vihar,171.0
2023-05-20,punjabi_bagh,176.0
2023-05-20,lodhi_road,138.0
2023-05-20,nsit_dwarka,249.0
2023-05-20,rohini,191.0
2023-05-20,wazirpur,196.0
2023-05-20,mandir_marg,158.0
2023-05-20,alipur,188.0
2023-05-20,rk_puram,206.0
2023-05-20,anand_vihar,195.0
2023-05-21,punjabi_bagh,212.0
2023-05-21,anand_vihar,323.0
2023-05-21,rohini,205.0
2023-05-21,nsit_dwarka,254.0
2023-05-21,rk_puram,199.0
2023-05-21,mandir_marg,153.0
2023-05-21,wazirpur,280.0
2023-05-21,lodhi_road,147.0
2023-05-21,alipur,296.0
2023-05-22,alipur,212.0
2023-05-22,rk_puram,190.0
2023-05-22,mandir_marg,168.0
2023-05-22,lodhi_road,170.0
2023-05-22,anand_vihar,248.0
2023-05-22,rohini,253.0
2023-05-22,nsit_dwarka,305.0
2023-05-22,wazirpur,229.0
2023-05-22,punjabi_bagh,200.0
2023-05-23,mandir_marg,173.0
2023-05-23,alipur,224.0
2023-05-23,anand_vihar,256.0
2023-05-23,rk_puram,166.0
2023-05-23,wazirpur,245.0
2023-05-23,rohini,236.0
2023-05-23,lodhi_road,162.0
2023-05-23,punjabi_bagh,200.0
2023-05-23,nsit_dwarka,290.0
2023-05-24,lodhi_road,160.0
2023-05-24,wazirpur,165.0
2023-05-24,rk_puram,178.0
2023-05-24,nsit_dwarka,243.0
2023-05-24,rohini,159.0
2023-05-24,punjabi_bagh,164.0
2023-05-24,anand_vihar,117.0
2023-05-25,rk_puram,159.0
2023-05-25,rohini,107.0
2023-05-25,mandir_marg,82.0
2023-05-25,lodhi_road,71.0
2023-05-25,nsit_dwarka,114.0
2023-05-25,wazirpur,96.0
2023-05-25,anand_vihar,158.0
2023-05-25,punjabi_bagh,118.0
2023-05-26,mandir_marg,82.0
2023-05-26,anand_vihar,173.0
2023-05-26,wazirpur,53.0
2023-05-26,rohini,92.0
2023-05-26,nsit_dwarka,94.0
2023-05-26,punjabi_bagh,120.0
2023-05-26,lodhi_road,75.0
2023-05-26,rk_puram,105.0
2023-05-27,nsit_dwarka,101.0
2023-05-27,punjabi_bagh,133.0
2023-05-27,lodhi_road,81.0
2023-05-27,wazirpur,153.0
2023-05-27,anand_vihar,159.0
2023-05-27,alipur,123.0
2023-05-27,rk_puram,202.0
2023-05-27,rohini,101.0
2023-05-27,mandir_marg,83.0
2023-05-28,rohini,146.0
2023-05-28,alipur,170.0
2023-05-28,mandir_marg,97.0
2023-05-28,anand_vihar,219.0
2023-05-28,nsit_dwarka,144.0
2023-05-28,punjabi_bagh,130.0
2023-05-28,wazirpur,146.0
2023-05-28,rk_puram,130.0
2023-05-28,lodhi_road,94.0
2023-05-29,punjabi_bagh,131.0
2023-05-29,rohini,158.0
2023-05-29,rk_puram,114.0
2023-05-29,lodhi_road,111.0
2023-05-29,anand_vihar,176.0
2023-05-29,mandir_marg,120.0
2023-05-29,alipur,139.0
2023-05-29,nsit_dwarka,157.0
2023-05-29,wazirpur,175.0
2023-05-30,alipur,180.0
2023-05-30,rk_puram,103.0
2023-05-30,wazirpur,133.0
2023-05-30,mandir_marg,93.0
2023-05-30,punjabi_bagh,109.0
2023-05-30,anand_vihar,167.0
2023-05-30,nsit_dwarka,147.0
2023-05-30,lodhi_road,84.0
2023-05-30,rohini,107.0
2023-05-31,rk_puram,93.0
2023-05-31,anand_vihar,153.0
2023-05-31,mandir_marg,74.0
2023-05-31,wazirpur,92.0
2023-05-31,punjabi_bagh,80.0
2023-05-31,nsit_dwarka,131.0
2023-05-31,rohini,90.0
2023-05-31,lodhi_road,54.0
2023-05-31,alipur,74.0
2023-06-01,lodhi_road,59.0
2023-06-01,anand_vihar,155.0
2023-06-01,nsit_dwarka,185.0
2023-06-01,punjabi_bagh,113.0
2023-06-01,wazirpur,129.0
2023-06-01,rk_puram,95.0
2023-06-01,mandir_marg,80.0
2023-06-01,alipur,75.0
2023-06-01,rohini,116.0
2023-06-02,rk_puram,116.0
2023-06-02,punjabi_bagh,132.0
2023-06-02,anand_vihar,135.0
2023-06-02,lodhi_road,78.0
2023-06-02,alipur,91.0
2023-06-02,mandir_marg,95.0
2023-06-02,nsit_dwarka,275.0
2023-06-02,rohini,102.0
2023-06-02,wazirpur,123.0
2023-06-03,wazirpur,127.0
2023-06-03,nsit_dwarka,136.0
2023-06-03,rohini,112.0
2023-06-03,punjabi_bagh,125.0
2023-06-03,rk_puram,166.0
2023-06-03,anand_vihar,158.0
2023-06-03,alipur,96.0
2023-06-03,lodhi_road,89.0
2023-06-03,mandir_marg,98.0
2023-06-04,rk_puram,214.0
2023-06-04,ito,136.0
2023-06-04,wazirpur,177.0
2023-06-04,anand_vihar,211.0
2023-06-04,lodhi_road,110.0
2023-06-04,mandir_marg,199.0
2023-06-04,rohini,173.0
2023-06-04,nsit_dwarka,266.0
2023-06-05,ito,110.0
2023-06-05,nsit_dwarka,334.0
2023-06-05,rk_puram,191.0
2023-06-05,wazirpur,167.0
2023-06-05,mandir_marg,161.0
2023-06-05,rohini,153.0
2023-06-05,lodhi_road,122.0
2023-06-05,anand_vihar,185.0
2023-06-05,punjabi_bagh,166.0
2023-06-06,ito,101.0
2023-06-06,lodhi_road,85.0
2023-06-06,mandir_marg,122.0
2023-06-06,wazirpur,141.0
2023-06-06,rk_puram,161.0
2023-06-06,punjabi_bagh,117.0
2023-06-06,rohini,139.0
2023-06-06,nsit_dwarka,263.0
2023-06-07,ito,196.0
2023-06-07,anand_vihar,211.0
2023-06-07,alipur,207.0
2023-06-07,nsit_dwarka,328.0
2023-06-07,lodhi_road,230.0
2023-06-07,rohini,212.0
2023-06-07,punjabi_bagh,221.0
2023-06-07,mandir_marg,240.0
2023-06-07,rk_puram,293.0
2023-06-08,punjabi_bagh,141.0
2023-06-08,anand_vihar,159.0
2023-06-08,rohini,161.0
2023-06-08,nsit_dwarka,316.0
2023-06-08,rk_puram,168.0
2023-06-08,wazirpur,167.0
2023-06-08,alipur,145.0
2023-06-08,ito,135.0
2023-06-08,lodhi_road,126.0
2023-06-09,nsit_dwarka,277.0
2023-06-09,rk_puram,132.0
2023-06-09,anand_vihar,181.0
2023-06-09,punjabi_bagh,138.0
2023-06-09,wazirpur,180.0
2023-06-09,mandir_marg,140.0
2023-06-09,ito,117.0
2023-06-09,alipur,163.0
2023-06-09,rohini,151.0
2023-06-10,wazirpur,174.0
2023-06-10,ito,117.0
2023-06-10,anand_vihar,157.0
2023-06-10,rohini,148.0
2023-06-10,nsit_dwarka,226.0
2023-06-10,mandir_marg,120.0
2023-06-10,punjabi_bagh,128.0
2023-06-10,rk_puram,121.0
2023-06-10,lodhi_road,119.0
2023-06-10,alipur,137.0
2023-06-11,mandir_marg,124.0
2023-06-11,nsit_dwarka,194.0
2023-06-11,ito,119.0
2023-06-11,rk_puram,115.0
2023-06-11,alipur,125.0
2023-06-11,lodhi_road,100.0
2023-06-11,anand_vihar,153.0
2023-06-11,punjabi_bagh,120.0
2023-06-11,rohini,122.0
2023-06-11,wazirpur,141.0
2023-06-12,punjabi_bagh,155.0
2023-06-12,nsit_dwarka,249.0
2023-06-12,alipur,154.0
2023-06-12,wazirpur,180.0
2023-06-12,ito,118.0
2023-06-12,rk_puram,182.0
2023-06-12,mandir_marg,156.0
2023-06-13,alipur,201.0
2023-06-13,rk_puram,189.0
2023-06-13,nsit_dwarka,328.0
2023-06-13,rohini,212.0
2023-06-13,mandir_marg,191.0
2023-06-13,anand_vihar,213.0
2023-06-13,punjabi_bagh,196.0
2023-06-13,ito,119.0
2023-06-13,wazirpur,224.0
2023-06-14,nsit_dwarka,323.0
2023-06-14,anand_vihar,225.0
2023-06-14,lodhi_road,189.0
2023-06-14,ito,119.0
2023-06-14,punjabi_bagh,224.0
2023-06-14,rohini,236.0
2023-06-14,alipur,226.0
2023-06-14,mandir_marg,243.0
2023-06-14,wazirpur,255.0
2023-06-14,rk_puram,189.0
2023-06-15,punjabi_bagh,155.0
2023-06-15,ito,120.0
2023-06-15,lodhi_road,141.0
2023-06-15,rk_puram,140.0
2023-06-15,wazirpur,185.0
2023-06-15,alipur,162.0
2023-06-15,rohini,169.0
2023-06-15,mandir_marg,158.0
2023-06-15,nsit_dwarka,193.0
2023-06-16,alipur,119.0
2023-06-16,wazirpur,135.0
2023-06-16,lodhi_road,103.0
2023-06-16,nsit_dwarka,171.0
2023-06-16,mandir_marg,120.0
2023-06-16,anand_vihar,144.0
2023-06-16,punjabi_bagh,111.0
2023-06-16,rk_puram,114.0
2023-06-16,ito,124.0
2023-06-16,rohini,127.0
2023-06-17,rohini,150.0
2023-06-17,lodhi_road,96.0
2023-06-17,wazirpur,142.0
2023-06-17,mandir_marg,88.0
2023-06-17,rk_puram,118.0
2023-06-17,alipur,140.0
2023-06-17,anand_vihar,176.0
2023-06-17,ito,80.0
2023-06-17,punjabi_bagh,112.0
2023-06-17,nsit_dwarka,116.0
2023-06-18,alipur,84.0
2023-06-18,ito,53.0
2023-06-18,anand_vihar,119.0
2023-06-18,mandir_marg,87.0
2023-06-18,nsit_dwarka,94.0
2023-06-18,wazirpur,96.0
2023-06-18,rohini,86.0
2023-06-18,rk_puram,89.0
2023-06-19,wazirpur,71.0
2023-06-19,ito,50.0
2023-06-19,mandir_marg,85.0
2023-06-19,nsit_dwarka,85.0
2023-06-19,rohini,74.0
2023-06-19,rk_puram,69.0
2023-06-19,alipur,70.0
2023-06-20,mandir_marg,97.0
2023-06-20,lodhi_road,81.0
2023-06-20,ito,93.0
2023-06-20,rk_puram,104.0
2023-06-20,anand_vihar,145.0
2023-06-20,alipur,76.0
2023-06-20,wazirpur,104.0
2023-06-20,nsit_dwarka,116.0
2023-06-20,rohini,104.0
2023-06-20,punjabi_bagh,113.0
2023-06-21,punjabi_bagh,93.0
2023-06-21,rk_puram,78.0
2023-06-21,nsit_dwarka,108.0
2023-06-21,rohini,89.0
2023-06-21,ito,82.0
2023-06-21,lodhi_road,79.0
2023-06-21,alipur,88.0
2023-06-21,anand_vihar,104.0
2023-06-21,wazirpur,97.0
2023-06-21,mandir_marg,91.0
2023-06-22,punjabi_bagh,108.0
2023-06-22,mandir_marg,96.0
2023-06-22,ito,98.0
2023-06-22,alipur,108.0
2023-06-22,nsit_dwarka,148.0
2023-06-22,rk_puram,110.0
2023-06-22,wazirpur,112.0
2023-06-22,rohini,116.0
2023-06-23,wazirpur,122.0
2023-06-23,mandir_marg,113.0
2023-06-23,alipur,122.0
2023-06-23,anand_vihar,181.0
2023-06-23,rk_puram,160.0
2023-06-23,ito,107.0
2023-06-23,punjabi_bagh,136.0
2023-06-23,rohini,134.0
2023-06-24,rohini,193.0
2023-06-24,wazirpur,189.0
2023-06-24,ito,155.0
2023-06-24,nsit_dwarka,272.0
2023-06-24,alipur,171.0
2023-06-24,mandir_marg,177.0
2023-06-24,rk_puram,228.0
2023-06-24,anand_vihar,159.0
2023-06-24,punjabi_bagh,201.0
2023-06-25,anand_vihar,98.0
2023-06-25,alipur,64.0
2023-06-25,nsit_dwarka,88.0
2023-06-25,lodhi_road,54.0
2023-06-25,rohini,64.0
2023-06-25,wazirpur,70.0
2023-06-25,punjabi_bagh,90.0
2023-06-25,rk_puram,63.0
2023-06-25,mandir_marg,64.0
2023-06-25,ito,58.0
2023-06-26,anand_vihar,97.0
2023-06-26,ito,100.0
2023-06-26,mandir_marg,89.0
2023-06-26,alipur,64.0
2023-06-26,lodhi_road,63.0
2023-06-26,rohini,110.0
2023-06-26,rk_puram,120.0
2023-06-26,punjabi_bagh,167.0
2023-06-27,anand_vihar,125.0
2023-06-27,mandir_marg,80.0
2023-06-27,lodhi_road,68.0
2023-06-27,rohini,84.0
2023-06-27,nsit_dwarka,95.0
2023-06-27,rk_puram,120.0
2023-06-27,punjabi_bagh,104.0
2023-06-27,alipur,65.0
2023-06-27,ito,90.0
2023-06-28,ito,85.0
2023-06-28,rk_puram,81.0
2023-06-28,punjabi_bagh,133.0
2023-06-28,lodhi_road,71.0
2023-06-28,rohini,88.0
2023-06-28,alipur,76.0
2023-06-28,mandir_marg,90.0
2023-06-28,anand_vihar,115.0
2023-06-28,wazirpur,218.0
2023-06-29,rk_puram,128.0
2023-06-29,punjabi_bagh,136.0
2023-06-29,rohini,103.0
2023-06-29,anand_vihar,189.0
2023-06-29,alipur,83.0
2023-06-29,lodhi_road,77.0
2023-06-29,nsit_dwarka,88.0
2023-06-29,ito,115.0
2023-06-29,mandir_marg,94.0
2023-06-30,mandir_marg,59.0
2023-06-30,rohini,65.0
2023-06-30,lodhi_road,47.0
2023-06-30,nsit_dwarka,78.0
2023-06-30,wazirpur,114.0
2023-06-30,alipur,50.0
2023-06-30,punjabi_bagh,84.0
2023-06-30,anand_vihar,184.0
2023-06-30,rk_puram,68.0
2023-06-30,ito,62.0
2023-07-01,mandir_marg,61.0
2023-07-01,anand_vihar,175.0
2023-07-01,nsit_dwarka,66.0
2023-07-01,punjabi_bagh,83.0
2023-07-01,rohini,51.0
2023-07-01,ito,60.0
2023-07-01,rk_puram,65.0
2023-07-01,alipur,65.0
2023-07-01,wazirpur,138.0
2023-07-02,rohini,52.0
2023-07-02,alipur,60.0
2023-07-02,rk_puram,58.0
2023-07-02,mandir_marg,56.0
2023-07-02,lodhi_road,46.0
2023-07-02,ito,56.0
2023-07-02,wazirpur,132.0
2023-07-02,punjabi_bagh,125.0
2023-07-02,anand_vihar,170.0
2023-07-02,nsit_dwarka,103.0
2023-07-03,nsit_dwarka,138.0
2023-07-03,anand_vihar,254.0
2023-07-03,wazirpur,124.0
2023-07-03,ito,100.0
2023-07-03,punjabi_bagh,121.0
2023-07-03,lodhi_road,88.0
2023-07-03,rk_puram,143.0
2023-07-03,rohini,114.0
2023-07-03,alipur,94.0
2023-07-04,rohini,134.0
2023-07-04,nsit_dwarka,212.0
2023-07-04,lodhi_road,116.0
2023-07-04,ito,155.0
2023-07-04,wazirpur,208.0
2023-07-04,alipur,155.0
2023-07-04,anand_vihar,227.0
2023-07-04,rk_puram,191.0
2023-07-04,mandir_marg,127.0
2023-07-05,punjabi_bagh,106.0
2023-07-05,alipur,98.0
2023-07-05,nsit_dwarka,94.0
2023-07-05,wazirpur,153.0
2023-07-05,ito,87.0
2023-07-05,mandir_marg,88.0
2023-07-05,lodhi_road,70.0
2023-07-05,anand_vihar,209.0
2023-07-05,rk_puram,104.0
2023-07-06,alipur,57.0
2023-07-06,lodhi_road,55.0
2023-07-06,wazirpur,99.0
2023-07-06,punjabi_bagh,116.0
2023-07-06,rk_puram,83.0
2023-07-06,rohini,65.0
2023-07-06,ito,75.0
2023-07-06,mandir_marg,62.0
2023-07-06,nsit_dwarka,91.0
2023-07-06,anand_vihar,203.0
2023-07-07,wazirpur,161.0
2023-07-07,mandir_marg,63.0
2023-07-07,rohini,68.0
2023-07-07,nsit_dwarka,66.0
2023-07-07,ito,61.0
2023-07-07,alipur,70.0
2023-07-07,punjabi_bagh,92.0
2023-07-07,rk_puram,67.0
2023-07-08,mandir_marg,62.0
2023-07-08,rohini,72.0
2023-07-08,lodhi_road,51.0
2023-07-08,punjabi_bagh,90.0
2023-07-08,alipur,60.0
2023-07-08,wazirpur,128.0
2023-07-08,anand_vihar,211.0
2023-07-08,ito,51.0
2023-07-08,nsit_dwarka,74.0
2023-07-08,rk_puram,62.0
2023-07-09,rohini,61.0
2023-07-09,rk_puram,72.0
2023-07-09,mandir_marg,58.0
2023-07-09,nsit_dwarka,59.0
2023-07-09,ito,66.0
2023-07-09,punjabi_bagh,88.0
2023-07-09,lodhi_road,57.0
2023-07-10,nsit_dwarka,50.0
2023-07-10,ito,53.0
2023-07-10,lodhi_road,44.0
2023-07-11,nsit_dwarka,72.0
2023-07-11,punjabi_bagh,90.0
2023-07-11,rohini,52.0
2023-07-11,alipur,50.0
2023-07-11,wazirpur,66.0
2023-07-11,mandir_marg,66.0
2023-07-11,anand_vihar,138.0
2023-07-11,ito,66.0
2023-07-11,lodhi_road,49.0
2023-07-11,rk_puram,69.0
2023-07-12,nsit_dwarka,106.0
2023-07-12,rohini,61.0
2023-07-12,rk_puram,89.0
2023-07-12,lodhi_road,61.0
2023-07-12,wazirpur,93.0
2023-07-12,punjabi_bagh,91.0
2023-07-12,alipur,55.0
2023-07-12,anand_vihar,119.0
2023-07-12,mandir_marg,71.0
2023-07-12,ito,79.0
2023-07-13,rk_puram,86.0
2023-07-13,alipur,91.0
2023-07-13,nsit_dwarka,102.0
2023-07-13,anand_vihar,118.0
2023-07-13,punjabi_bagh,105.0
2023-07-13,wazirpur,96.0
2023-07-13,ito,77.0
2023-07-13,rohini,69.0
2023-07-13,lodhi_road,56.0
2023-07-13,mandir_marg,69.0
2023-07-14,ito,61.0
2023-07-14,lodhi_road,53.0
2023-07-14,nsit_dwarka,91.0
2023-07-15,ito,93.0
2023-07-15,nsit_dwarka,111.0
2023-07-16,lodhi_road,54.0
2023-07-16,nsit_dwarka,81.0
2023-07-16,ito,57.0
2023-07-17,nsit_dwarka,96.0
2023-07-17,ito,79.0
2023-07-18,ito,98.0
2023-07-18,nsit_dwarka,127.0
2023-07-19,nsit_dwarka,90.0
2023-07-19,ito,75.0
2023-07-19,lodhi_road,57.0
2023-07-20,nsit_dwarka,86.0
2023-07-20,ito,93.0
2023-07-21,ito,100.0
2023-07-21,lodhi_road,86.0
2023-07-21,nsit_dwarka,144.0
2023-07-22,mandir_marg,86.0
2023-07-22,rohini,102.0
2023-07-22,ito,90.0
2023-07-22,punjabi_bagh,122.0
2023-07-22,alipur,68.0
2023-07-22,nsit_dwarka,113.0
2023-07-22,wazirpur,121.0
2023-07-22,rk_puram,88.0
2023-07-23,anand_vihar,96.0
2023-07-23,mandir_marg,66.0
2023-07-23,wazirpur,89.0
2023-07-23,ito,62.0
2023-07-23,punjabi_bagh,97.0
2023-07-23,rohini,70.0
2023-07-23,rk_puram,65.0
2023-07-23,nsit_dwarka,82.0
2023-07-23,lodhi_road,60.0
2023-07-23,alipur,65.0
2023-07-24,anand_vihar,88.0
2023-07-24,lodhi_road,67.0
2023-07-24,punjabi_bagh,97.0
2023-07-24,rk_puram,73.0
2023-07-24,wazirpur,97.0
2023-07-24,mandir_marg,67.0
2023-07-24,ito,68.0
2023-07-24,nsit_dwarka,102.0
2023-07-24,alipur,65.0
2023-07-25,nsit_dwarka,111.0
2023-07-25,lodhi_road,62.0
2023-07-25,ito,77.0
2023-07-26,nsit_dwarka,147.0
2023-07-26,rk_puram,81.0
2023-07-26,rohini,59.0
2023-07-26,mandir_marg,63.0
2023-07-26,wazirpur,180.0
2023-07-26,punjabi_bagh,142.0
2023-07-26,lodhi_road,51.0
2023-07-26,ito,67.0
2023-07-26,anand_vihar,99.0
2023-07-26,alipur,66.0
2023-07-27,anand_vihar,115.0
2023-07-27,wazirpur,193.0
2023-07-27,rk_puram,82.0
2023-07-27,ito,89.0
2023-07-27,nsit_dwarka,97.0
2023-07-27,punjabi_bagh,115.0
2023-07-27,mandir_marg,77.0
2023-07-27,lodhi_road,77.0
2023-07-27,alipur,64.0
2023-07-27,rohini,96.0
2023-07-28,rohini,83.0
2023-07-28,ito,74.0
2023-07-28,mandir_marg,75.0
2023-07-28,punjabi_bagh,103.0
2023-07-28,nsit_dwarka,96.0
2023-07-28,wazirpur,116.0
2023-07-28,lodhi_road,79.0
2023-07-28,alipur,66.0
2023-07-28,rk_puram,68.0
2023-07-29,lodhi_road,81.0
2023-07-29,rohini,56.0
2023-07-29,nsit_dwarka,95.0
2023-07-29,ito,55.0
2023-07-29,wazirpur,94.0
2023-07-29,rk_puram,42.0
2023-07-30,lodhi_road,35.0
2023-07-30,nsit_dwarka,67.0
2023-07-30,wazirpur,98.0
2023-07-30,anand_vihar,102.0
2023-07-30,punjabi_bagh,125.0
2023-07-30,alipur,91.0
2023-07-30,mandir_marg,47.0
2023-07-30,ito,63.0
2023-07-31,mandir_marg,79.0
2023-07-31,alipur,81.0
2023-07-31,ito,76.0
2023-07-31,punjabi_bagh,95.0
2023-07-31,wazirpur,123.0
2023-07-31,rk_puram,80.0
2023-07-31,nsit_dwarka,115.0
2023-07-31,anand_vihar,206.0
2023-08-01,ito,81.0
2023-08-01,nsit_dwarka,105.0
2023-08-01,punjabi_bagh,81.0
2023-08-01,alipur,111.0
2023-08-01,wazirpur,130.0
2023-08-01,mandir_marg,74.0
2023-08-01,anand_vihar,254.0
2023-08-01,rk_puram,76.0
2023-08-02,anand_vihar,252.0
2023-08-02,rohini,86.0
2023-08-02,alipur,79.0
2023-08-02,ito,77.0
2023-08-02,punjabi_bagh,114.0
2023-08-02,mandir_marg,89.0
2023-08-02,rk_puram,85.0
2023-08-03,ito,80.0
2023-08-03,punjabi_bagh,80.0
2023-08-03,nsit_dwarka,100.0
2023-08-03,alipur,69.0
2023-08-03,mandir_marg,73.0
2023-08-03,lodhi_road,66.0
2023-08-03,rk_puram,77.0
2023-08-04,punjabi_bagh,97.0
2023-08-04,nsit_dwarka,112.0
2023-08-04,mandir_marg,88.0
2023-08-04,lodhi_road,83.0
2023-08-04,wazirpur,110.0
2023-08-04,anand_vihar,215.0
2023-08-04,rohini,102.0
2023-08-04,ito,189.0
2023-08-04,rk_puram,154.0
2023-08-04,alipur,81.0
2023-08-05,alipur,65.0
2023-08-05,rk_puram,91.0
2023-08-05,lodhi_road,70.0
2023-08-05,nsit_dwarka,120.0
2023-08-05,mandir_marg,73.0
2023-08-05,rohini,87.0
2023-08-05,ito,86.0
2023-08-06,nsit_dwarka,132.0
2023-08-06,rohini,102.0
2023-08-06,mandir_marg,84.0
2023-08-06,alipur,95.0
2023-08-06,punjabi_bagh,99.0
2023-08-06,ito,78.0
2023-08-06,wazirpur,127.0
2023-08-06,anand_vihar,167.0
2023-08-06,rk_puram,115.0
2023-08-06,lodhi_road,79.0
2023-08-07,anand_vihar,194.0
2023-08-07,ito,79.0
2023-08-07,mandir_marg,95.0
2023-08-07,alipur,96.0
2023-08-07,nsit_dwarka,135.0
2023-08-07,rk_puram,104.0
2023-08-07,wazirpur,125.0
2023-08-07,rohini,109.0
2023-08-07,punjabi_bagh,107.0
2023-08-07,lodhi_road,96.0
2023-08-08,wazirpur,154.0
2023-08-08,rk_puram,118.0
2023-08-08,rohini,124.0
2023-08-08,punjabi_bagh,120.0
2023-08-08,lodhi_road,104.0
2023-08-08,mandir_marg,110.0
2023-08-08,alipur,112.0
2023-08-08,nsit_dwarka,150.0
2023-08-08,ito,94.0
2023-08-09,wazirpur,153.0
2023-08-09,alipur,122.0
2023-08-09,lodhi_road,115.0
2023-08-09,punjabi_bagh,126.0
2023-08-09,ito,101.0
2023-08-09,rohini,132.0
2023-08-09,nsit_dwarka,139.0
2023-08-09,mandir_marg,110.0
2023-08-09,rk_puram,130.0
2023-08-10,alipur,131.0
2023-08-10,punjabi_bagh,133.0
2023-08-10,mandir_marg,128.0
2023-08-10,rk_puram,134.0
2023-08-10,lodhi_road,132.0
2023-08-10,nsit_dwarka,178.0
2023-08-10,rohini,142.0
2023-08-10,ito,117.0
2023-08-11,nsit_dwarka,149.0
2023-08-11,ito,106.0
2023-08-11,wazirpur,189.0
2023-08-11,alipur,126.0
2023-08-11,lodhi_road,109.0
2023-08-11,mandir_marg,116.0
2023-08-11,rk_puram,127.0
2023-08-11,punjabi_bagh,125.0
2023-08-11,rohini,127.0
2023-08-12,ito,110.0
2023-08-12,rohini,133.0
2023-08-12,mandir_marg,122.0
2023-08-12,lodhi_road,121.0
2023-08-12,nsit_dwarka,157.0
2023-08-12,alipur,120.0
2023-08-12,rk_puram,134.0
2023-08-13,wazirpur,137.0
2023-08-13,alipur,103.0
2023-08-13,lodhi_road,90.0
2023-08-13,rohini,118.0
2023-08-13,rk_puram,102.0
2023-08-13,ito,84.0
2023-08-13,nsit_dwarka,129.0
2023-08-13,mandir_marg,98.0
2023-08-14,alipur,105.0
2023-08-14,punjabi_bagh,113.0
2023-08-14,lodhi_road,96.0
2023-08-14,ito,99.0
2023-08-14,mandir_marg,107.0
2023-08-14,rk_puram,109.0
2023-08-14,rohini,128.0
2023-08-14,wazirpur,233.0
2023-08-14,nsit_dwarka,143.0
2023-08-15,alipur,100.0
2023-08-15,punjabi_bagh,108.0
2023-08-15,wazirpur,192.0
2023-08-15,lodhi_road,92.0
2023-08-15,ito,99.0
2023-08-15,nsit_dwarka,118.0
2023-08-15,rk_puram,111.0
2023-08-15,mandir_marg,105.0
2023-08-15,rohini,116.0
2023-08-16,mandir_marg,98.0
2023-08-16,nsit_dwarka,122.0
2023-08-16,alipur,98.0
2023-08-16,wazirpur,138.0
2023-08-16,punjabi_bagh,111.0
2023-08-16,ito,115.0
2023-08-16,lodhi_road,114.0
2023-08-17,nsit_dwarka,155.0
2023-08-17,alipur,126.0
2023-08-17,anand_vihar,331.0
2023-08-17,wazirpur,152.0
2023-08-17,mandir_marg,124.0
2023-08-17,punjabi_bagh,117.0
2023-08-17,ito,111.0
2023-08-17,rk_puram,151.0
2023-08-17,rohini,141.0
2023-08-17,lodhi_road,107.0
2023-08-18,nsit_dwarka,176.0
2023-08-18,rk_puram,152.0
2023-08-18,wazirpur,188.0
2023-08-18,ito,134.0
2023-08-18,anand_vihar,322.0
2023-08-18,alipur,145.0
2023-08-18,rohini,171.0
2023-08-18,mandir_marg,143.0
2023-08-18,lodhi_road,135.0
2023-08-19,nsit_dwarka,145.0
2023-08-19,punjabi_bagh,118.0
2023-08-19,mandir_marg,102.0
2023-08-19,anand_vihar,225.0
2023-08-19,ito,110.0
2023-08-19,rk_puram,195.0
2023-08-19,alipur,99.0
2023-08-19,wazirpur,161.0
2023-08-20,mandir_marg,76.0
2023-08-20,anand_vihar,168.0
2023-08-20,ito,93.0
2023-08-20,rohini,110.0
2023-08-20,rk_puram,93.0
2023-08-20,punjabi_bagh,119.0
2023-08-21,ito,84.0
2023-08-21,nsit_dwarka,107.0
2023-08-21,wazirpur,142.0
2023-08-21,mandir_marg,74.0
2023-08-21,punjabi_bagh,108.0
2023-08-21,rk_puram,77.0
2023-08-21,rohini,96.0
2023-08-21,anand_vihar,127.0
2023-08-21,lodhi_road,65.0
2023-08-22,mandir_marg,86.0
2023-08-22,punjabi_bagh,107.0
2023-08-22,rohini,102.0
2023-08-22,nsit_dwarka,122.0
2023-08-22,ito,97.0
2023-08-22,lodhi_road,79.0
2023-08-22,anand_vihar,261.0
2023-08-22,alipur,80.0
2023-08-22,rk_puram,103.0
2023-08-22,wazirpur,128.0
2023-08-23,lodhi_road,51.0
2023-08-23,rk_puram,67.0
2023-08-23,alipur,64.0
2023-08-23,wazirpur,117.0
2023-08-23,rohini,78.0
2023-08-23,anand_vihar,85.0
2023-08-23,mandir_marg,66.0
2023-08-23,nsit_dwarka,92.0
2023-08-23,punjabi_bagh,79.0
2023-08-23,ito,101.0
2023-08-24,anand_vihar,120.0
2023-08-24,mandir_marg,73.0
2023-08-24,rk_puram,73.0
2023-08-24,rohini,111.0
2023-08-24,ito,99.0
2023-08-24,alipur,69.0
2023-08-24,wazirpur,131.0
2023-08-24,lodhi_road,66.0
2023-08-24,nsit_dwarka,126.0
2023-08-24,punjabi_bagh,100.0
2023-08-25,mandir_marg,106.0
2023-08-25,wazirpur,167.0
2023-08-25,alipur,109.0
2023-08-25,nsit_dwarka,153.0
2023-08-25,ito,90.0
2023-08-25,punjabi_bagh,130.0
2023-08-25,rohini,121.0
2023-08-26,rohini,169.0
2023-08-26,alipur,149.0
2023-08-26,lodhi_road,138.0
2023-08-26,punjabi_bagh,167.0
2023-08-26,nsit_dwarka,190.0
2023-08-26,rk_puram,159.0
2023-08-26,anand_vihar,400.0
2023-08-26,wazirpur,181.0
2023-08-26,ito,125.0
2023-08-26,mandir_marg,142.0
2023-08-27,rk_puram,239.0
2023-08-27,nsit_dwarka,241.0
2023-08-27,mandir_marg,176.0
2023-08-27,lodhi_road,177.0
2023-08-27,ito,154.0
2023-08-27,rohini,208.0
2023-08-27,alipur,185.0
2023-08-27,wazirpur,231.0
2023-08-28,ito,130.0
2023-08-28,rohini,161.0
2023-08-28,lodhi_road,142.0
2023-08-28,nsit_dwarka,201.0
2023-08-28,mandir_marg,144.0
2023-08-28,wazirpur,183.0
2023-08-29,wazirpur,180.0
2023-08-29,mandir_marg,137.0
2023-08-29,lodhi_road,146.0
2023-08-29,punjabi_bagh,177.0
2023-08-29,rk_puram,214.0
2023-08-29,anand_vihar,385.0
2023-08-29,rohini,168.0
2023-08-29,alipur,144.0
2023-08-29,ito,136.0
2023-08-29,nsit_dwarka,199.0
2023-08-30,nsit_dwarka,186.0
2023-08-30,punjabi_bagh,168.0
2023-08-30,rk_puram,183.0
2023-08-30,mandir_marg,135.0
2023-08-30,ito,130.0
2023-08-30,rohini,164.0
2023-08-30,lodhi_road,128.0
2023-08-30,anand_vihar,356.0
2023-08-30,wazirpur,162.0
2023-08-31,punjabi_bagh,151.0
2023-08-31,anand_vihar,347.0
2023-08-31,rohini,162.0
2023-08-31,rk_puram,170.0
2023-08-31,alipur,80.0
2023-08-31,ito,126.0
2023-08-31,mandir_marg,124.0
2023-08-31,nsit_dwarka,135.0
2023-08-31,wazirpur,151.0
2023-09-01,anand_vihar,340.0
2023-09-01,punjabi_bagh,161.0
2023-09-01,mandir_marg,126.0
2023-09-01,nsit_dwarka,136.0
2023-09-01,lodhi_road,123.0
2023-09-01,ito,114.0
2023-09-01,rk_puram,156.0
2023-09-01,rohini,155.0
2023-09-01,wazirpur,148.0
2023-09-01,alipur,139.0
2023-09-02,lodhi_road,124.0
2023-09-02,ito,113.0
2023-09-02,punjabi_bagh,146.0
2023-09-02,mandir_marg,125.0
2023-09-02,rohini,168.0
2023-09-02,nsit_dwarka,137.0
2023-09-02,alipur,131.0
2023-09-02,wazirpur,149.0
2023-09-02,rk_puram,137.0
2023-09-03,punjabi_bagh,142.0
2023-09-03,anand_vihar,270.0
2023-09-03,alipur,140.0
2023-09-03,ito,112.0
2023-09-03,rk_puram,141.0
2023-09-03,lodhi_road,116.0
2023-09-03,rohini,150.0
2023-09-03,mandir_marg,134.0
2023-09-03,nsit_dwarka,130.0
2023-09-04,rk_puram,144.0
2023-09-04,nsit_dwarka,131.0
2023-09-04,punjabi_bagh,138.0
2023-09-04,alipur,134.0
2023-09-04,wazirpur,145.0
2023-09-04,anand_vihar,253.0
2023-09-04,ito,113.0
2023-09-04,rohini,146.0
2023-09-04,mandir_marg,135.0
2023-09-04,lodhi_road,119.0
2023-09-05,wazirpur,133.0
2023-09-05,ito,181.0
2023-09-05,rohini,118.0
2023-09-05,nsit_dwarka,111.0
2023-09-05,lodhi_road,104.0
2023-09-05,alipur,90.0
2023-09-05,mandir_marg,122.0
2023-09-05,anand_vihar,150.0
2023-09-05,punjabi_bagh,125.0
2023-09-05,rk_puram,230.0
2023-09-06,alipur,96.0
2023-09-06,rk_puram,113.0
2023-09-06,wazirpur,132.0
2023-09-06,anand_vihar,122.0
2023-09-06,ito,102.0
2023-09-06,punjabi_bagh,125.0
2023-09-06,rohini,128.0
2023-09-06,nsit_dwarka,96.0
2023-09-06,mandir_marg,105.0
2023-09-06,lodhi_road,86.0
2023-09-07,rohini,148.0
2023-09-07,alipur,173.0
2023-09-07,rk_puram,116.0
2023-09-07,nsit_dwarka,75.0
2023-09-07,mandir_marg,64.0
2023-09-07,ito,171.0
2023-09-07,punjabi_bagh,94.0
2023-09-07,anand_vihar,129.0
2023-09-07,wazirpur,119.0
2023-09-08,rk_puram,83.0
2023-09-08,alipur,72.0
2023-09-08,anand_vihar,111.0
2023-09-08,wazirpur,122.0
2023-09-08,punjabi_bagh,106.0
2023-09-08,ito,83.0
2023-09-08,mandir_marg,70.0
2023-09-08,nsit_dwarka,87.0
2023-09-08,rohini,94.0
2023-09-09,rohini,41.0
2023-09-09,mandir_marg,35.0
2023-09-09,ito,49.0
2023-09-09,anand_vihar,61.0
2023-09-09,rk_puram,46.0
2023-09-09,nsit_dwarka,97.0
2023-09-09,wazirpur,89.0
2023-09-09,alipur,59.0
2023-09-09,punjabi_bagh,53.0
2023-09-10,rk_puram,46.0
2023-09-10,ito,38.0
2023-09-10,wazirpur,109.0
2023-09-10,mandir_marg,31.0
2023-09-10,alipur,61.0
2023-09-10,rohini,33.0
2023-09-10,punjabi_bagh,33.0
2023-09-10,anand_vihar,92.0
2023-09-10,nsit_dwarka,73.0
2023-09-11,alipur,61.0
2023-09-11,punjabi_bagh,73.0
2023-09-11,anand_vihar,79.0
2023-09-11,ito,64.0
2023-09-11,rohini,39.0
2023-09-11,wazirpur,85.0
2023-09-11,mandir_marg,44.0
2023-09-11,rk_puram,76.0
2023-09-11,nsit_dwarka,75.0
2023-09-12,alipur,61.0
2023-09-12,wazirpur,173.0
2023-09-12,ito,133.0
2023-09-12,mandir_marg,68.0
2023-09-12,lodhi_road,87.0
2023-09-12,anand_vihar,140.0
2023-09-12,punjabi_bagh,114.0
2023-09-12,rohini,88.0
2023-09-12,nsit_dwarka,97.0
2023-09-12,rk_puram,104.0
2023-09-13,rk_puram,114.0
2023-09-13,rohini,104.0
2023-09-13,wazirpur,172.0
2023-09-13,punjabi_bagh,114.0
2023-09-13,mandir_marg,76.0
2023-09-13,nsit_dwarka,126.0
2023-09-13,alipur,81.0
2023-09-13,ito,133.0
2023-09-13,anand_vihar,117.0
2023-09-13,lodhi_road,85.0
2023-09-14,punjabi_bagh,133.0
2023-09-14,wazirpur,171.0
2023-09-14,alipur,100.0
2023-09-14,lodhi_road,94.0
2023-09-14,rk_puram,127.0
2023-09-14,ito,116.0
2023-09-14,anand_vihar,121.0
2023-09-14,mandir_marg,88.0
2023-09-14,rohini,141.0
2023-09-14,nsit_dwarka,178.0
2023-09-15,ito,84.0
2023-09-15,lodhi_road,71.0
2023-09-15,anand_vihar,106.0
2023-09-15,wazirpur,159.0
2023-09-15,rk_puram,111.0
2023-09-15,rohini,95.0
2023-09-15,punjabi_bagh,96.0
2023-09-15,alipur,76.0
2023-09-15,nsit_dwarka,174.0
2023-09-16,ito,75.0
2023-09-16,rk_puram,107.0
2023-09-16,punjabi_bagh,115.0
2023-09-16,anand_vihar,96.0
2023-09-16,alipur,65.0
2023-09-16,nsit_dwarka,108.0
2023-09-16,mandir_marg,71.0
2023-09-16,wazirpur,156.0
2023-09-16,rohini,84.0
2023-09-17,nsit_dwarka,82.0
2023-09-17,wazirpur,113.0
2023-09-17,punjabi_bagh,77.0
2023-09-17,mandir_marg,52.0
2023-09-17,rk_puram,81.0
2023-09-17,ito,153.0
2023-09-17,rohini,50.0
2023-09-17,anand_vihar,54.0
2023-09-17,alipur,60.0
2023-09-18,wazirpur,151.0
2023-09-18,punjabi_bagh,80.0
2023-09-18,alipur,61.0
2023-09-18,rk_puram,74.0
2023-09-18,anand_vihar,51.0
2023-09-18,mandir_marg,47.0
2023-09-18,ito,99.0
2023-09-18,rohini,58.0
2023-09-18,nsit_dwarka,72.0
2023-09-19,wazirpur,140.0
2023-09-19,anand_vihar,76.0
2023-09-19,lodhi_road,43.0
2023-09-19,rk_puram,85.0
2023-09-19,alipur,88.0
2023-09-19,ito,92.0
2023-09-19,mandir_marg,63.0
2023-09-19,nsit_dwarka,80.0
2023-09-19,rohini,61.0
2023-09-19,punjabi_bagh,74.0
2023-09-20,rk_puram,107.0
2023-09-20,rohini,101.0
2023-09-20,wazirpur,145.0
2023-09-20,lodhi_road,62.0
2023-09-20,anand_vihar,147.0
2023-09-20,ito,88.0
2023-09-20,nsit_dwarka,78.0
2023-09-20,alipur,109.0
2023-09-20,mandir_marg,73.0
2023-09-20,punjabi_bagh,102.0
2023-09-21,punjabi_bagh,121.0
2023-09-21,nsit_dwarka,81.0
2023-09-21,lodhi_road,81.0
2023-09-21,alipur,103.0
2023-09-21,mandir_marg,84.0
2023-09-21,rk_puram,136.0
2023-09-21,rohini,114.0
2023-09-21,anand_vihar,187.0
2023-09-21,ito,87.0
2023-09-22,nsit_dwarka,110.0
2023-09-22,rohini,115.0
2023-09-22,anand_vihar,177.0
2023-09-22,rk_puram,115.0
2023-09-22,lodhi_road,68.0
2023-09-22,alipur,106.0
2023-09-22,wazirpur,135.0
2023-09-22,mandir_marg,76.0
2023-09-22,ito,82.0
2023-09-22,punjabi_bagh,107.0
2023-09-23,alipur,101.0
2023-09-23,wazirpur,132.0
2023-09-23,punjabi_bagh,110.0
2023-09-23,mandir_marg,84.0
2023-09-23,nsit_dwarka,167.0
2023-09-23,lodhi_road,88.0
2023-09-23,rk_puram,123.0
2023-09-23,anand_vihar,99.0
2023-09-23,ito,94.0
2023-09-23,rohini,115.0
2023-09-24,wazirpur,202.0
2023-09-24,ito,137.0
2023-09-24,rohini,148.0
2023-09-24,alipur,103.0
2023-09-24,nsit_dwarka,142.0
2023-09-24,punjabi_bagh,132.0
2023-09-24,lodhi_road,97.0
2023-09-24,anand_vihar,200.0
2023-09-24,rk_puram,131.0
2023-09-24,mandir_marg,97.0
2023-09-25,wazirpur,154.0
2023-09-25,punjabi_bagh,128.0
2023-09-25,lodhi_road,101.0
2023-09-25,rk_puram,136.0
2023-09-25,ito,114.0
2023-09-25,mandir_marg,105.0
2023-09-25,rohini,120.0
2023-09-25,anand_vihar,146.0
2023-09-25,alipur,103.0
2023-09-26,rohini,140.0
2023-09-26,rk_puram,159.0
2023-09-26,anand_vihar,214.0
2023-09-26,alipur,114.0
2023-09-26,punjabi_bagh,170.0
2023-09-26,mandir_marg,158.0
2023-09-26,wazirpur,173.0
2023-09-26,ito,160.0
2023-09-27,rk_puram,146.0
2023-09-27,wazirpur,110.0
2023-09-27,rohini,130.0
2023-09-27,alipur,130.0
2023-09-27,anand_vihar,178.0
2023-09-27,mandir_marg,107.0
2023-09-27,punjabi_bagh,132.0
2023-09-27,ito,117.0
2023-09-27,lodhi_road,105.0
2023-09-28,ito,113.0
2023-09-28,anand_vihar,161.0
2023-09-28,wazirpur,150.0
2023-09-28,mandir_marg,118.0
2023-09-28,punjabi_bagh,131.0
2023-09-28,rk_puram,158.0
2023-09-28,rohini,143.0
2023-09-28,lodhi_road,110.0
2023-09-28,alipur,127.0
2023-09-29,wazirpur,176.0
2023-09-29,lodhi_road,127.0
2023-09-29,alipur,152.0
2023-09-29,rk_puram,180.0
2023-09-29,mandir_marg,126.0
2023-09-29,ito,135.0
2023-09-29,punjabi_bagh,158.0
2023-09-29,anand_vihar,174.0
2023-09-29,rohini,168.0
2023-09-30,lodhi_road,140.0
2023-09-30,alipur,159.0
2023-09-30,mandir_marg,138.0
2023-09-30,wazirpur,200.0
2023-09-30,rk_puram,178.0
2023-09-30,ito,143.0
2023-09-30,punjabi_bagh,159.0
2023-09-30,anand_vihar,197.0
2023-09-30,rohini,187.0
2023-10-01,mandir_marg,141.0
2023-10-01,wazirpur,176.0
2023-10-01,rk_puram,164.0
2023-10-01,nsit_dwarka,191.0
2023-10-01,alipur,146.0
2023-10-01,anand_vihar,165.0
2023-10-01,rohini,150.0
2023-10-01,lodhi_road,122.0
2023-10-01,ito,130.0
2023-10-02,wazirpur,164.0
2023-10-02,lodhi_road,115.0
2023-10-02,rk_puram,158.0
2023-10-02,alipur,143.0
2023-10-02,rohini,140.0
2023-10-02,mandir_marg,129.0
2023-10-02,punjabi_bagh,130.0
2023-10-02,nsit_dwarka,194.0
2023-10-02,ito,128.0
2023-10-02,anand_vihar,153.0
2023-10-03,ito,124.0
2023-10-03,rk_puram,168.0
2023-10-03,anand_vihar,176.0
2023-10-03,nsit_dwarka,188.0
2023-10-03,wazirpur,186.0
2023-10-03,alipur,160.0
2023-10-03,rohini,168.0
2023-10-03,mandir_marg,128.0
2023-10-03,lodhi_road,119.0
2023-10-03,punjabi_bagh,143.0
2023-10-04,wazirpur,218.0
2023-10-04,alipur,166.0
2023-10-04,ito,139.0
2023-10-04,rohini,178.0
2023-10-04,nsit_dwarka,219.0
2023-10-04,mandir_marg,148.0
2023-10-04,anand_vihar,177.0
2023-10-04,rk_puram,179.0
2023-10-04,punjabi_bagh,164.0
2023-10-04,lodhi_road,129.0
2023-10-05,wazirpur,201.0
2023-10-05,rk_puram,192.0
2023-10-05,nsit_dwarka,237.0
2023-10-05,ito,145.0
2023-10-05,rohini,179.0
2023-10-05,mandir_marg,148.0
2023-10-05,alipur,180.0
2023-10-05,anand_vihar,201.0
2023-10-05,punjabi_bagh,165.0
2023-10-05,lodhi_road,141.0
2023-10-06,mandir_marg,173.0
2023-10-06,ito,201.0
2023-10-06,nsit_dwarka,272.0
2023-10-06,wazirpur,264.0
2023-10-06,alipur,178.0
2023-10-06,lodhi_road,151.0
2023-10-06,anand_vihar,223.0
2023-10-06,rk_puram,215.0
2023-10-06,punjabi_bagh,220.0
2023-10-06,rohini,228.0
2023-10-07,punjabi_bagh,233.0
2023-10-07,nsit_dwarka,223.0
2023-10-07,anand_vihar,270.0
2023-10-07,wazirpur,305.0
2023-10-07,ito,188.0
2023-10-07,rohini,286.0
2023-10-07,lodhi_road,137.0
2023-10-07,mandir_marg,161.0
2023-10-07,rk_puram,204.0
2023-10-07,alipur,221.0
2023-10-08,nsit_dwarka,152.0
2023-10-08,wazirpur,242.0
2023-10-08,mandir_marg,125.0
2023-10-08,alipur,176.0
2023-10-08,rk_puram,153.0
2023-10-08,punjabi_bagh,158.0
2023-10-08,ito,133.0
2023-10-08,rohini,206.0
2023-10-08,lodhi_road,122.0
2023-10-08,anand_vihar,176.0
2023-10-09,alipur,192.0
2023-10-09,nsit_dwarka,187.0
2023-10-09,punjabi_bagh,170.0
2023-10-09,wazirpur,222.0
2023-10-09,ito,160.0
2023-10-09,rk_puram,165.0
2023-10-09,rohini,198.0
2023-10-09,lodhi_road,134.0
2023-10-09,anand_vihar,210.0
2023-10-10,ito,146.0
2023-10-10,lodhi_road,124.0
2023-10-10,nsit_dwarka,182.0
2023-10-11,rk_puram,215.0
2023-10-11,ito,200.0
2023-10-11,rohini,182.0
2023-10-11,nsit_dwarka,283.0
2023-10-11,wazirpur,202.0
2023-10-11,punjabi_bagh,197.0
2023-10-11,mandir_marg,176.0
2023-10-11,alipur,172.0
2023-10-11,lodhi_road,151.0
2023-10-11,anand_vihar,203.0
2023-10-12,rk_puram,203.0
2023-10-12,alipur,221.0
2023-10-12,rohini,229.0
2023-10-12,ito,235.0
2023-10-12,mandir_marg,219.0
2023-10-12,wazirpur,264.0
2023-10-12,punjabi_bagh,229.0
2023-10-12,anand_vihar,243.0
2023-10-13,rk_puram,247.0
2023-10-13,alipur,247.0
2023-10-13,mandir_marg,238.0
2023-10-13,punjabi_bagh,283.0
2023-10-13,rohini,308.0
2023-10-13,anand_vihar,286.0
2023-10-13,nsit_dwarka,332.0
2023-10-13,lodhi_road,184.0
2023-10-13,ito,240.0
2023-10-13,wazirpur,331.0
2023-10-14,anand_vihar,261.0
2023-10-14,rohini,282.0
2023-10-14,alipur,246.0
2023-10-14,rk_puram,253.0
2023-10-14,punjabi_bagh,254.0
2023-10-14,mandir_marg,227.0
2023-10-14,ito,236.0
2023-10-14,nsit_dwarka,305.0
2023-10-15,punjabi_bagh,206.0
2023-10-15,lodhi_road,140.0
2023-10-15,nsit_dwarka,317.0
2023-10-15,ito,181.0
2023-10-15,rohini,253.0
2023-10-15,alipur,196.0
2023-10-15,wazirpur,310.0
2023-10-15,mandir_marg,178.0
2023-10-15,anand_vihar,335.0
2023-10-15,rk_puram,257.0
2023-10-16,rohini,218.0
2023-10-16,ito,150.0
2023-10-16,lodhi_road,151.0
2023-10-16,mandir_marg,161.0
2023-10-16,wazirpur,243.0
2023-10-16,punjabi_bagh,210.0
2023-10-16,anand_vihar,284.0
2023-10-16,alipur,155.0
2023-10-16,rk_puram,225.0
2023-10-17,rk_puram,121.0
2023-10-17,nsit_dwarka,142.0
2023-10-17,punjabi_bagh,96.0
2023-10-17,rohini,80.0
2023-10-17,wazirpur,114.0
2023-10-17,alipur,59.0
2023-10-17,ito,63.0
2023-10-17,mandir_marg,86.0
2023-10-18,rohini,136.0
2023-10-18,ito,107.0
2023-10-18,nsit_dwarka,135.0
2023-10-18,lodhi_road,89.0
2023-10-18,alipur,91.0
2023-10-18,punjabi_bagh,118.0
2023-10-18,wazirpur,155.0
2023-10-18,rk_puram,174.0
2023-10-18,mandir_marg,104.0
2023-10-19,mandir_marg,94.0
2023-10-19,nsit_dwarka,144.0
2023-10-19,wazirpur,131.0
2023-10-19,rohini,108.0
2023-10-19,lodhi_road,87.0
2023-10-19,punjabi_bagh,103.0
2023-10-19,ito,72.0
2023-10-19,alipur,100.0
2023-10-19,rk_puram,172.0
2023-10-20,punjabi_bagh,199.0
2023-10-20,rohini,250.0
2023-10-20,wazirpur,221.0
2023-10-20,nsit_dwarka,211.0
2023-10-20,alipur,188.0
2023-10-20,anand_vihar,244.0
2023-10-20,ito,177.0
2023-10-20,lodhi_road,121.0
2023-10-20,rk_puram,278.0
2023-10-20,mandir_marg,163.0
2023-10-21,anand_vihar,273.0
2023-10-21,mandir_marg,248.0
2023-10-21,wazirpur,293.0
2023-10-21,rohini,272.0
2023-10-21,lodhi_road,175.0
2023-10-21,punjabi_bagh,276.0
2023-10-21,alipur,197.0
2023-10-21,ito,259.0
2023-10-21,nsit_dwarka,233.0
2023-10-22,rohini,312.0
2023-10-22,rk_puram,342.0
2023-10-22,punjabi_bagh,361.0
2023-10-22,mandir_marg,312.0
2023-10-22,alipur,273.0
2023-10-22,nsit_dwarka,275.0
2023-10-22,wazirpur,354.0
2023-10-22,lodhi_road,282.0
2023-10-22,ito,324.0
2023-10-23,ito,269.0
2023-10-23,wazirpur,305.0
2023-10-23,rohini,229.0
2023-10-23,mandir_marg,259.0
2023-10-23,alipur,229.0
2023-10-23,rk_puram,303.0
2023-10-23,punjabi_bagh,280.0
2023-10-23,nsit_dwarka,249.0
2023-10-23,lodhi_road,210.0
2023-10-24,rk_puram,255.0
2023-10-24,nsit_dwarka,199.0
2023-10-24,mandir_marg,197.0
2023-10-24,anand_vihar,252.0
2023-10-24,wazirpur,255.0
2023-10-24,alipur,209.0
2023-10-24,rohini,185.0
2023-10-24,punjabi_bagh,229.0
2023-10-24,lodhi_road,160.0
2023-10-25,lodhi_road,210.0
2023-10-25,alipur,218.0
2023-10-25,rk_puram,294.0
2023-10-25,ito,244.0
2023-10-25,punjabi_bagh,257.0
2023-10-25,wazirpur,262.0
2023-10-25,rohini,221.0
2023-10-25,nsit_dwarka,244.0
2023-10-25,mandir_marg,242.0
2023-10-26,alipur,218.0
2023-10-26,rohini,209.0
2023-10-26,mandir_marg,246.0
2023-10-26,lodhi_road,214.0
2023-10-26,anand_vihar,311.0
2023-10-26,punjabi_bagh,273.0
2023-10-26,nsit_dwarka,291.0
2023-10-26,ito,241.0
2023-10-26,wazirpur,270.0
2023-10-26,rk_puram,293.0
2023-10-27,mandir_marg,249.0
2023-10-27,anand_vihar,329.0
2023-10-27,lodhi_road,208.0
2023-10-27,ito,233.0
2023-10-27,alipur,236.0
2023-10-27,punjabi_bagh,286.0
2023-10-27,rohini,321.0
2023-10-27,rk_puram,284.0
2023-10-27,nsit_dwarka,269.0
2023-10-27,wazirpur,275.0
2023-10-28,mandir_marg,271.0
2023-10-28,rohini,329.0
2023-10-28,nsit_dwarka,314.0
2023-10-28,anand_vihar,355.0
2023-10-28,alipur,301.0
2023-10-28,rk_puram,335.0
2023-10-28,lodhi_road,246.0
2023-10-28,punjabi_bagh,333.0
2023-10-28,ito,261.0
2023-10-28,wazirpur,372.0
2023-10-29,mandir_marg,298.0
2023-10-29,lodhi_road,237.0
2023-10-29,alipur,303.0
2023-10-29,rk_puram,341.0
2023-10-29,ito,294.0
2023-10-29,punjabi_bagh,339.0
2023-10-29,nsit_dwarka,302.0
2023-10-29,wazirpur,366.0
2023-10-30,mandir_marg,328.0
2023-10-30,rk_puram,344.0
2023-10-30,ito,330.0
2023-10-30,rohini,425.0
2023-10-30,nsit_dwarka,302.0
2023-10-30,wazirpur,429.0
2023-10-30,lodhi_road,297.0
2023-10-30,anand_vihar,385.0
2023-10-30,punjabi_bagh,392.0
2023-10-30,alipur,311.0
2023-10-31,nsit_dwarka,351.0
2023-10-31,rohini,413.0
2023-10-31,mandir_marg,340.0
2023-10-31,ito,333.0
2023-10-31,anand_vihar,422.0
2023-10-31,lodhi_road,311.0
2023-10-31,wazirpur,394.0
2023-10-31,punjabi_bagh,382.0
2023-10-31,rk_puram,367.0
2023-10-31,alipur,313.0
2023-11-01,mandir_marg,362.0
2023-11-01,wazirpur,408.0
2023-11-01,anand_vihar,416.0
2023-11-01,alipur,320.0
2023-11-01,rohini,385.0
2023-11-01,punjabi_bagh,407.0
2023-11-01,nsit_dwarka,362.0
2023-11-01,ito,351.0
2023-11-01,lodhi_road,337.0
2023-11-01,rk_puram,378.0
2023-11-02,anand_vihar,449.0
2023-11-02,nsit_dwarka,392.0
2023-11-02,ito,345.0
2023-11-02,lodhi_road,319.0
2023-11-02,rohini,441.0
2023-11-02,punjabi_bagh,445.0
2023-11-02,wazirpur,425.0
2023-11-02,rk_puram,410.0
2023-11-02,alipur,360.0
2023-11-02,mandir_marg,358.0
2023-11-03,alipur,425.0
2023-11-03,punjabi_bagh,484.0
2023-11-03,rk_puram,498.0
2023-11-03,nsit_dwarka,473.0
2023-11-03,lodhi_road,458.0
2023-11-03,ito,440.0
2023-11-03,rohini,482.0
2023-11-03,wazirpur,489.0
2023-11-04,punjabi_bagh,448.0
2023-11-04,nsit_dwarka,387.0
2023-11-04,rohini,435.0
2023-11-04,wazirpur,460.0
2023-11-04,mandir_marg,416.0
2023-11-04,rk_puram,430.0
2023-11-04,alipur,383.0
2023-11-04,anand_vihar,473.0
2023-11-04,ito,387.0
2023-11-04,lodhi_road,362.0
2023-11-05,nsit_dwarka,439.0
2023-11-05,alipur,401.0
2023-11-05,mandir_marg,445.0
2023-11-05,rk_puram,485.0
2023-11-05,lodhi_road,419.0
2023-11-05,rohini,475.0
2023-11-05,ito,405.0
2023-11-05,wazirpur,474.0
2023-11-05,punjabi_bagh,478.0
2023-11-06,alipur,358.0
2023-11-06,lodhi_road,369.0
2023-11-06,rk_puram,449.0
2023-11-06,anand_vihar,438.0
2023-11-06,rohini,458.0
2023-11-06,wazirpur,461.0
2023-11-06,punjabi_bagh,453.0
2023-11-06,ito,372.0
2023-11-07,rohini,443.0
2023-11-07,lodhi_road,348.0
2023-11-07,anand_vihar,447.0
2023-11-07,mandir_marg,372.0
2023-11-07,ito,355.0
2023-11-07,alipur,304.0
2023-11-07,rk_puram,430.0
2023-11-07,punjabi_bagh,436.0
2023-11-08,lodhi_road,377.0
2023-11-08,punjabi_bagh,465.0
2023-11-08,alipur,352.0
2023-11-08,nsit_dwarka,412.0
2023-11-08,rk_puram,443.0
2023-11-08,ito,461.0
2023-11-08,rohini,456.0
2023-11-08,mandir_marg,434.0
2023-11-08,anand_vihar,449.0
2023-11-09,rk_puram,466.0
2023-11-09,alipur,433.0
2023-11-09,wazirpur,459.0
2023-11-09,ito,455.0
2023-11-09,rohini,453.0
2023-11-09,lodhi_road,400.0
2023-11-09,nsit_dwarka,421.0
2023-11-09,mandir_marg,424.0
2023-11-09,punjabi_bagh,463.0
2023-11-09,anand_vihar,450.0
2023-11-10,lodhi_road,244.0
2023-11-10,ito,309.0
2023-11-10,alipur,283.0
2023-11-10,wazirpur,305.0
2023-11-10,nsit_dwarka,266.0
2023-11-10,mandir_marg,286.0
2023-11-10,rk_puram,289.0
2023-11-10,rohini,292.0
2023-11-10,punjabi_bagh,291.0
2023-11-11,alipur,176.0
2023-11-11,ito,263.0
2023-11-11,wazirpur,278.0
2023-11-11,punjabi_bagh,252.0
2023-11-11,rk_puram,262.0
2023-11-11,anand_vihar,288.0
2023-11-11,mandir_marg,223.0
2023-11-11,rohini,225.0
2023-11-11,lodhi_road,145.0
2023-11-11,nsit_dwarka,198.0
2023-11-12,rk_puram,256.0
2023-11-12,anand_vihar,286.0
2023-11-12,alipur,176.0
2023-11-12,wazirpur,236.0
2023-11-12,nsit_dwarka,210.0
2023-11-12,ito,242.0
2023-11-12,rohini,234.0
2023-11-12,mandir_marg,208.0
2023-11-12,punjabi_bagh,247.0
2023-11-12,lodhi_road,210.0
2023-11-13,lodhi_road,335.0
2023-11-13,anand_vihar,382.0
2023-11-13,alipur,358.0
2023-11-13,mandir_marg,342.0
2023-11-13,punjabi_bagh,377.0
2023-11-13,rk_puram,386.0
2023-11-13,ito,371.0
2023-11-13,wazirpur,384.0
2023-11-13,nsit_dwarka,381.0
2023-11-13,rohini,387.0
2023-11-14,rk_puram,423.0
2023-11-14,anand_vihar,445.0
2023-11-14,lodhi_road,360.0
2023-11-14,ito,429.0
2023-11-14,alipur,394.0
2023-11-14,mandir_marg,403.0
2023-11-14,punjabi_bagh,424.0
2023-11-14,wazirpur,424.0
2023-11-14,rohini,426.0
2023-11-15,mandir_marg,401.0
2023-11-15,rk_puram,427.0
2023-11-15,punjabi_bagh,439.0
2023-11-15,alipur,399.0
2023-11-15,rohini,425.0
2023-11-15,wazirpur,425.0
2023-11-15,anand_vihar,427.0
2023-11-15,nsit_dwarka,399.0
2023-11-15,lodhi_road,353.0
2023-11-16,alipur,437.0
2023-11-16,ito,439.0
2023-11-16,rohini,421.0
2023-11-16,anand_vihar,433.0
2023-11-16,lodhi_road,362.0
2023-11-16,nsit_dwarka,419.0
2023-11-16,wazirpur,452.0
2023-11-16,rk_puram,440.0
2023-11-16,mandir_marg,422.0
2023-11-16,punjabi_bagh,454.0
2023-11-17,rk_puram,444.0
2023-11-17,wazirpur,443.0
2023-11-17,anand_vihar,406.0
2023-11-17,punjabi_bagh,450.0
2023-11-17,rohini,423.0
2023-11-17,nsit_dwarka,435.0
2023-11-17,alipur,371.0
2023-11-17,mandir_marg,410.0
2023-11-17,lodhi_road,367.0
2023-11-18,lodhi_road,263.0
2023-11-18,mandir_marg,284.0
2023-11-18,rohini,344.0
2023-11-18,anand_vihar,315.0
2023-11-18,punjabi_bagh,347.0
2023-11-18,nsit_dwarka,340.0
2023-11-18,alipur,333.0
2023-11-18,rk_puram,348.0
2023-11-18,ito,325.0
2023-11-18,wazirpur,343.0
2023-11-19,alipur,368.0
2023-11-19,rk_puram,328.0
2023-11-19,lodhi_road,251.0
2023-11-19,rohini,349.0
2023-11-19,ito,328.0
2023-11-19,wazirpur,368.0
2023-11-19,mandir_marg,273.0
2023-11-19,punjabi_bagh,348.0
2023-11-19,anand_vihar,351.0
2023-11-20,nsit_dwarka,353.0
2023-11-20,rohini,391.0
2023-11-20,wazirpur,399.0
2023-11-20,punjabi_bagh,418.0
2023-11-20,alipur,363.0
2023-11-20,anand_vihar,374.0
2023-11-20,mandir_marg,336.0
2023-11-20,ito,324.0
2023-11-20,rk_puram,359.0
2023-11-20,lodhi_road,292.0
2023-11-21,ito,356.0
2023-11-21,punjabi_bagh,407.0
2023-11-21,rohini,400.0
2023-11-21,alipur,393.0
2023-11-21,anand_vihar,371.0
2023-11-21,mandir_marg,375.0
2023-11-21,wazirpur,400.0
2023-11-21,rk_puram,386.0
2023-11-21,nsit_dwarka,372.0
2023-11-21,lodhi_road,325.0
2023-11-22,nsit_dwarka,410.0
2023-11-22,wazirpur,418.0
2023-11-22,anand_vihar,377.0
2023-11-22,rohini,428.0
2023-11-22,mandir_marg,402.0
2023-11-22,rk_puram,407.0
2023-11-22,punjabi_bagh,422.0
2023-11-22,lodhi_road,369.0
2023-11-22,ito,360.0
2023-11-22,alipur,423.0
2023-11-23,lodhi_road,360.0
2023-11-23,ito,352.0
2023-11-23,mandir_marg,393.0
2023-11-23,wazirpur,428.0
2023-11-23,nsit_dwarka,391.0
2023-11-23,rk_puram,413.0
2023-11-23,anand_vihar,396.0
2023-11-23,alipur,420.0
2023-11-23,rohini,417.0
2023-11-23,punjabi_bagh,424.0
2023-11-24,lodhi_road,354.0
2023-11-24,mandir_marg,394.0
2023-11-24,anand_vihar,438.0
2023-11-24,nsit_dwarka,395.0
2023-11-24,rk_puram,428.0
2023-11-24,alipur,442.0
2023-11-24,rohini,462.0
2023-11-24,wazirpur,462.0
2023-11-24,punjabi_bagh,447.0
2023-11-24,ito,363.0
2023-11-25,rk_puram,417.0
2023-11-25,nsit_dwarka,418.0
2023-11-25,lodhi_road,333.0
2023-11-25,ito,382.0
2023-11-26,mandir_marg,411.0
2023-11-26,ito,408.0
2023-11-26,wazirpur,464.0
2023-11-26,punjabi_bagh,444.0
2023-11-26,lodhi_road,337.0
2023-11-26,anand_vihar,438.0
2023-11-26,nsit_dwarka,385.0
2023-11-26,alipur,394.0
2023-11-26,rohini,432.0
2023-11-26,rk_puram,403.0
2023-11-27,rohini,426.0
2023-11-27,lodhi_road,344.0
2023-11-27,alipur,415.0
2023-11-27,ito,439.0
2023-11-27,wazirpur,452.0
2023-11-27,rk_puram,415.0
2023-11-27,punjabi_bagh,443.0
2023-11-27,nsit_dwarka,393.0
2023-11-27,mandir_marg,377.0
2023-11-27,anand_vihar,387.0
2023-11-28,nsit_dwarka,305.0
2023-11-28,ito,417.0
2023-11-28,wazirpur,340.0
2023-11-28,mandir_marg,310.0
2023-11-28,alipur,333.0
2023-11-28,lodhi_road,277.0
2023-11-28,punjabi_bagh,341.0
2023-11-28,rohini,330.0
2023-11-28,anand_vihar,335.0
2023-11-29,rk_puram,313.0
2023-11-29,mandir_marg,264.0
2023-11-29,anand_vihar,349.0
2023-11-29,nsit_dwarka,270.0
2023-11-29,wazirpur,320.0
2023-11-29,punjabi_bagh,319.0
2023-11-29,lodhi_road,235.0
2023-11-29,ito,349.0
2023-11-29,rohini,313.0
2023-11-29,alipur,277.0
2023-11-30,ito,387.0
2023-11-30,anand_vihar,414.0
2023-11-30,rk_puram,414.0
2023-11-30,punjabi_bagh,446.0
2023-11-30,lodhi_road,345.0
2023-11-30,alipur,391.0
2023-11-30,rohini,424.0
2023-11-30,wazirpur,456.0
2023-11-30,nsit_dwarka,405.0
2023-11-30,mandir_marg,386.0
2023-12-01,lodhi_road,346.0
2023-12-01,rohini,385.0
2023-12-01,wazirpur,319.0
2023-12-01,alipur,341.0
2023-12-01,rk_puram,398.0
2023-12-01,punjabi_bagh,402.0
2023-12-01,mandir_marg,365.0
2023-12-01,ito,376.0
2023-12-01,anand_vihar,400.0
2023-12-01,nsit_dwarka,377.0
2023-12-02,alipur,341.0
2023-12-02,wazirpur,368.0
2023-12-02,anand_vihar,359.0
2023-12-02,nsit_dwarka,354.0
2023-12-02,lodhi_road,325.0
2023-12-02,punjabi_bagh,370.0
2023-12-02,rk_puram,385.0
2023-12-02,rohini,371.0
2023-12-02,mandir_marg,346.0
2023-12-02,ito,352.0
2023-12-03,alipur,308.0
2023-12-03,lodhi_road,257.0
2023-12-03,wazirpur,338.0
2023-12-03,nsit_dwarka,309.0
2023-12-03,rohini,329.0
2023-12-03,rk_puram,342.0
2023-12-03,ito,313.0
2023-12-03,mandir_marg,318.0
2023-12-03,anand_vihar,363.0
2023-12-04,rohini,349.0
2023-12-04,mandir_marg,300.0
2023-12-04,punjabi_bagh,341.0
2023-12-04,ito,293.0
2023-12-04,nsit_dwarka,317.0
2023-12-04,wazirpur,334.0
2023-12-04,alipur,316.0
2023-12-04,lodhi_road,272.0
2023-12-04,anand_vihar,313.0
2023-12-04,rk_puram,344.0
2023-12-05,punjabi_bagh,313.0
2023-12-05,alipur,306.0
2023-12-05,ito,275.0
2023-12-05,wazirpur,309.0
2023-12-05,rk_puram,324.0
2023-12-05,anand_vihar,317.0
2023-12-05,nsit_dwarka,327.0
2023-12-05,mandir_marg,279.0
2023-12-05,rohini,308.0
2023-12-06,ito,283.0
2023-12-06,anand_vihar,303.0
2023-12-06,wazirpur,313.0
2023-12-06,punjabi_bagh,309.0
2023-12-06,lodhi_road,220.0
2023-12-06,nsit_dwarka,300.0
2023-12-06,rohini,307.0
2023-12-06,mandir_marg,277.0
2023-12-06,rk_puram,315.0
2023-12-06,alipur,293.0
2023-12-07,wazirpur,351.0
2023-12-07,nsit_dwarka,297.0
2023-12-07,mandir_marg,286.0
2023-12-07,rohini,334.0
2023-12-07,ito,332.0
2023-12-07,punjabi_bagh,348.0
2023-12-07,alipur,338.0
2023-12-07,lodhi_road,219.0
2023-12-07,rk_puram,319.0
2023-12-07,anand_vihar,373.0
2023-12-08,ito,341.0
2023-12-08,punjabi_bagh,346.0
2023-12-08,nsit_dwarka,314.0
2023-12-08,lodhi_road,235.0
2023-12-08,rohini,357.0
2023-12-08,mandir_marg,315.0
2023-12-08,anand_vihar,345.0
2023-12-08,wazirpur,362.0
2023-12-08,alipur,370.0
2023-12-08,rk_puram,319.0
2023-12-09,wazirpur,343.0
2023-12-09,nsit_dwarka,355.0
2023-12-09,lodhi_road,240.0
2023-12-09,alipur,331.0
2023-12-09,rk_puram,335.0
2023-12-09,anand_vihar,321.0
2023-12-09,rohini,343.0
2023-12-09,ito,321.0
2023-12-09,mandir_marg,302.0
2023-12-09,punjabi_bagh,343.0
2023-12-10,rohini,322.0
2023-12-10,alipur,323.0
2023-12-10,punjabi_bagh,329.0
2023-12-10,lodhi_road,264.0
2023-12-10,ito,329.0
2023-12-10,wazirpur,324.0
2023-12-10,nsit_dwarka,333.0
2023-12-10,anand_vihar,308.0
2023-12-10,mandir_marg,302.0
2023-12-10,rk_puram,346.0
2023-12-11,ito,321.0
2023-12-11,anand_vihar,316.0
2023-12-11,mandir_marg,297.0
2023-12-11,alipur,316.0
2023-12-11,nsit_dwarka,334.0
2023-12-11,lodhi_road,284.0
2023-12-11,rohini,309.0
2023-12-11,wazirpur,322.0
2023-12-11,rk_puram,352.0
2023-12-11,punjabi_bagh,329.0
2023-12-12,ito,369.0
2023-12-12,mandir_marg,337.0
2023-12-12,anand_vihar,395.0
2023-12-12,punjabi_bagh,391.0
2023-12-12,rk_puram,385.0
2023-12-12,rohini,362.0
2023-12-12,alipur,363.0
2023-12-12,lodhi_road,284.0
2023-12-12,wazirpur,421.0
2023-12-12,nsit_dwarka,344.0
2023-12-13,alipur,399.0
2023-12-13,wazirpur,425.0
2023-12-13,ito,398.0
2023-12-13,lodhi_road,312.0
2023-12-13,mandir_marg,382.0
2023-12-13,rohini,399.0
2023-12-13,punjabi_bagh,410.0
2023-12-13,nsit_dwarka,365.0
2023-12-13,anand_vihar,417.0
2023-12-14,lodhi_road,260.0
2023-12-14,mandir_marg,321.0
2023-12-14,rohini,347.0
2023-12-14,nsit_dwarka,338.0
2023-12-14,anand_vihar,318.0
2023-12-14,wazirpur,361.0
2023-12-14,rk_puram,338.0
2023-12-14,punjabi_bagh,356.0
2023-12-14,alipur,354.0
2023-12-15,wazirpur,377.0
2023-12-15,alipur,339.0
2023-12-15,anand_vihar,332.0
2023-12-15,rohini,345.0
2023-12-15,punjabi_bagh,355.0
2023-12-15,mandir_marg,319.0
2023-12-15,lodhi_road,253.0
2023-12-15,nsit_dwarka,350.0
2023-12-16,nsit_dwarka,367.0
2023-12-16,rohini,394.0
2023-12-16,punjabi_bagh,393.0
2023-12-16,wazirpur,421.0
2023-12-16,mandir_marg,345.0
2023-12-16,rk_puram,359.0
2023-12-16,alipur,370.0
2023-12-16,lodhi_road,287.0
2023-12-16,anand_vihar,398.0
2023-12-17,lodhi_road,266.0
2023-12-17,wazirpur,380.0
2023-12-17,ito,370.0
2023-12-17,mandir_marg,298.0
2023-12-17,punjabi_bagh,364.0
2023-12-17,nsit_dwarka,355.0
2023-12-17,anand_vihar,372.0
2023-12-17,rohini,361.0
2023-12-17,alipur,330.0
2023-12-17,rk_puram,368.0
2023-12-18,rohini,352.0
2023-12-18,ito,346.0
2023-12-18,lodhi_road,280.0
2023-12-18,nsit_dwarka,350.0
2023-12-18,anand_vihar,356.0
2023-12-18,alipur,332.0
2023-12-18,punjabi_bagh,352.0
2023-12-18,wazirpur,344.0
2023-12-19,rk_puram,311.0
2023-12-19,lodhi_road,244.0
2023-12-19,anand_vihar,305.0
2023-12-19,punjabi_bagh,300.0
2023-12-19,ito,308.0
2023-12-19,rohini,303.0
2023-12-19,alipur,294.0
2023-12-19,mandir_marg,275.0
2023-12-19,nsit_dwarka,318.0
2023-12-19,wazirpur,305.0
2023-12-20,alipur,305.0
2023-12-20,nsit_dwarka,310.0
2023-12-20,lodhi_road,211.0
2023-12-20,mandir_marg,280.0
2023-12-20,anand_vihar,311.0
2023-12-20,rk_puram,287.0
2023-12-20,wazirpur,305.0
2023-12-20,punjabi_bagh,305.0
2023-12-20,ito,309.0
2023-12-20,rohini,310.0
2023-12-21,nsit_dwarka,353.0
2023-12-21,wazirpur,387.0
2023-12-21,rk_puram,361.0
2023-12-21,anand_vihar,389.0
2023-12-21,rohini,386.0
2023-12-21,mandir_marg,353.0
2023-12-21,alipur,379.0
2023-12-21,lodhi_road,303.0
2023-12-21,ito,403.0
2023-12-21,punjabi_bagh,395.0
2023-12-22,wazirpur,441.0
2023-12-22,mandir_marg,416.0
2023-12-22,lodhi_road,368.0
2023-12-22,nsit_dwarka,388.0
2023-12-22,punjabi_bagh,444.0
2023-12-22,anand_vihar,449.0
2023-12-22,alipur,420.0
2023-12-22,ito,459.0
2023-12-22,rohini,431.0
2023-12-23,alipur,454.0
2023-12-23,rk_puram,467.0
2023-12-23,rohini,486.0
2023-12-23,nsit_dwarka,457.0
2023-12-23,mandir_marg,447.0
2023-12-23,wazirpur,489.0
2023-12-23,anand_vihar,469.0
2023-12-23,ito,449.0
2023-12-23,punjabi_bagh,472.0
2023-12-24,alipur,404.0
2023-12-24,wazirpur,454.0
2023-12-24,punjabi_bagh,454.0
2023-12-24,mandir_marg,400.0
2023-12-24,lodhi_road,341.0
2023-12-24,rohini,450.0
2023-12-24,rk_puram,428.0
2023-12-24,ito,431.0
2023-12-24,nsit_dwarka,437.0
2023-12-24,anand_vihar,441.0
2023-12-25,punjabi_bagh,410.0
2023-12-25,nsit_dwarka,363.0
2023-12-25,rk_puram,401.0
2023-12-25,alipur,361.0
2023-12-25,mandir_marg,378.0
2023-12-25,rohini,399.0
2023-12-25,wazirpur,416.0
2023-12-25,anand_vihar,396.0
2023-12-25,lodhi_road,335.0
2023-12-25,ito,405.0
2023-12-26,ito,416.0
2023-12-26,rk_puram,390.0
2023-12-26,alipur,364.0
2023-12-26,lodhi_road,338.0
2023-12-26,rohini,384.0
2023-12-26,nsit_dwarka,385.0
2023-12-26,mandir_marg,375.0
2023-12-26,anand_vihar,396.0
2023-12-26,wazirpur,402.0
2023-12-26,punjabi_bagh,406.0
2023-12-27,anand_vihar,460.0
2023-12-27,alipur,351.0
2023-12-27,wazirpur,426.0
2023-12-27,punjabi_bagh,417.0
2023-12-27,rohini,402.0
2023-12-27,rk_puram,401.0
2023-12-27,nsit_dwarka,371.0
2023-12-27,mandir_marg,370.0
2023-12-27,lodhi_road,313.0
2023-12-27,ito,385.0
2023-12-28,punjabi_bagh,386.0
2023-12-28,rk_puram,385.0
2023-12-28,alipur,319.0
2023-12-28,mandir_marg,367.0
2023-12-28,anand_vihar,424.0
2023-12-28,nsit_dwarka,302.0
2023-12-28,rohini,364.0
2023-12-28,lodhi_road,325.0
2023-12-28,wazirpur,393.0
2023-12-28,ito,401.0
2023-12-29,anand_vihar,442.0
2023-12-29,ito,412.0
2023-12-29,mandir_marg,392.0
2023-12-29,alipur,324.0
2023-12-29,wazirpur,432.0
2023-12-29,rk_puram,413.0
2023-12-29,nsit_dwarka,363.0
2023-12-29,punjabi_bagh,431.0
2023-12-29,rohini,422.0
2023-12-30,punjabi_bagh,440.0
2023-12-30,wazirpur,441.0
2023-12-30,anand_vihar,438.0
2023-12-30,rohini,438.0
2023-12-30,lodhi_road,371.0
2023-12-30,mandir_marg,413.0
2023-12-30,rk_puram,419.0
2023-12-30,nsit_dwarka,382.0
2023-12-30,alipur,367.0
2023-12-31,alipur,318.0
2023-12-31,anand_vihar,408.0
2023-12-31,rohini,398.0
2023-12-31,punjabi_bagh,422.0
2023-12-31,lodhi_road,361.0
2023-12-31,mandir_marg,400.0
2023-12-31,rk_puram,421.0
2023-12-31,nsit_dwarka,373.0
2023-12-31,ito,393.0
