Date,Station
2023-01-01,alipur
2023-01-01,ito
2023-01-01,lodhi_road
2023-01-01,mandir_marg
2023-01-01,nsit_dwarka
2023-01-01,punjabi_bagh
2023-01-01,rk_puram
2023-01-01,rohini
2023-01-01,anand_vihar
2023-01-02,punjabi_bagh
2023-01-02,rohini
2023-01-02,wazirpur
2023-01-02,anand_vihar
2023-01-02,lodhi_road
2023-01-02,ito
2023-01-02,rk_puram
2023-01-02,nsit_dwarka
2023-01-03,rk_puram
2023-01-03,wazirpur
2023-01-03,anand_vihar
2023-01-03,mandir_marg
2023-01-03,punjabi_bagh
2023-01-03,rohini
2023-01-03,lodhi_road
2023-01-03,ito
2023-01-03,alipur
2023-01-03,nsit_dwarka
2023-01-04,ito
2023-01-04,anand_vihar
2023-01-04,punjabi_bagh
2023-01-04,alipur
2023-01-04,rk_puram
2023-01-04,nsit_dwarka
2023-01-04,lodhi_road
2023-01-04,wazirpur
2023-01-04,rohini
2023-01-04,mandir_marg
2023-01-05,wazirpur
2023-01-05,rk_puram
2023-01-05,nsit_dwarka
2023-01-05,anand_vihar
2023-01-05,ito
2023-01-05,mandir_marg
2023-01-05,lodhi_road
2023-01-05,punjabi_bagh
2023-01-05,alipur
2023-01-05,rohini
2023-01-06,rohini
2023-01-06,mandir_marg
2023-01-06,lodhi_road
2023-01-06,nsit_dwarka
2023-01-06,punjabi_bagh
2023-01-06,alipur
2023-01-06,anand_vihar
2023-01-06,rk_puram
2023-01-06,ito
2023-01-06,wazirpur
2023-01-07,alipur
2023-01-07,rk_puram
2023-01-07,punjabi_bagh
2023-01-07,rohini
2023-01-07,nsit_dwarka
2023-01-07,mandir_marg
2023-01-07,lodhi_road
2023-01-07,anand_vihar
2023-01-07,wazirpur
2023-01-07,ito
2023-01-08,wazirpur
2023-01-08,rohini
2023-01-08,punjabi_bagh
2023-01-08,mandir_marg
2023-01-08,anand_vihar
2023-01-08,lodhi_road
2023-01-08,alipur
2023-01-08,ito
2023-01-08,rk_puram
2023-01-08,nsit_dwarka
2023-01-09,ito
2023-01-09,anand_vihar
2023-01-09,rohini
2023-01-09,wazirpur
2023-01-09,lodhi_road
2023-01-09,alipur
2023-01-09,mandir_marg
2023-01-09,punjabi_bagh
2023-01-09,nsit_dwarka
2023-01-09,rk_puram
2023-01-10,anand_vihar
2023-01-10,wazirpur
2023-01-10,ito
2023-01-10,rohini
2023-01-10,alipur
2023-01-10,nsit_dwarka
2023-01-10,lodhi_road
2023-01-10,punjabi_bagh
2023-01-10,mandir_marg
2023-01-10,rk_puram
2023-01-11,ito
2023-01-11,anand_vihar
2023-01-11,nsit_dwarka
2023-01-11,lodhi_road
2023-01-11,mandir_marg
2023-01-11,punjabi_bagh
2023-01-11,alipur
2023-01-11,rohini
2023-01-11,wazirpur
2023-01-11,rk_puram
2023-01-12,rohini
2023-01-12,anand_vihar
2023-01-12,wazirpur
2023-01-12,mandir_marg
2023-01-12,punjabi_bagh
2023-01-12,ito
2023-01-12,alipur
2023-01-12,nsit_dwarka
2023-01-12,lodhi_road
2023-01-12,rk_puram
2023-01-13,wazirpur
2023-01-13,rohini
2023-01-13,nsit_dwarka
2023-01-13,mandir_marg
2023-01-13,anand_vihar
2023-01-13,alipur
2023-01-13,ito
2023-01-13,punjabi_bagh
2023-01-13,rk_puram
2023-01-14,ito
2023-01-14,wazirpur
2023-01-14,nsit_dwarka
2023-01-14,anand_vihar
2023-01-14,mandir_marg
2023-01-14,rohini
2023-01-14,punjabi_bagh
2023-01-14,alipur
2023-01-14,rk_puram
2023-01-15,anand_vihar
2023-01-15,rohini
2023-01-15,punjabi_bagh
2023-01-15,alipur
2023-01-15,mandir_marg
2023-01-15,rk_puram
2023-01-15,lodhi_road
2023-01-15,ito
2023-01-15,nsit_dwarka
2023-01-15,wazirpur
2023-01-16,mandir_marg
2023-01-16,rohini
2023-01-16,lodhi_road
2023-01-16,anand_vihar
2023-01-16,rk_puram
2023-01-16,nsit_dwarka
2023-01-16,punjabi_bagh
2023-01-16,alipur
2023-01-16,wazirpur
2023-01-17,rohini
2023-01-17,punjabi_bagh
2023-01-17,alipur
2023-01-17,wazirpur
2023-01-17,lodhi_road
2023-01-17,nsit_dwarka
2023-01-17,mandir_marg
2023-01-17,anand_vihar
2023-01-17,ito
2023-01-17,rk_puram
2023-01-18,ito
2023-01-18,wazirpur
2023-01-18,lodhi_road
2023-01-18,anand_vihar
2023-01-18,punjabi_bagh
2023-01-18,alipur
2023-01-18,rk_puram
2023-01-18,nsit_dwarka
2023-01-18,rohini
2023-01-18,mandir_marg
2023-01-19,lodhi_road
2023-01-19,punjabi_bagh
2023-01-19,wazirpur
2023-01-19,alipur
2023-01-19,mandir_marg
2023-01-19,nsit_dwarka
2023-01-19,anand_vihar
2023-01-19,ito
2023-01-19,rohini
2023-01-19,rk_puram
2023-01-20,nsit_dwarka
2023-01-20,ito
2023-01-20,punjabi_bagh
2023-01-20,rk_puram
2023-01-20,rohini
2023-01-20,wazirpur
2023-01-20,alipur
2023-01-20,lodhi_road
2023-01-20,mandir_marg
2023-01-20,anand_vihar
2023-01-21,lodhi_road
2023-01-21,punjabi_bagh
2023-01-21,nsit_dwarka
2023-01-21,anand_vihar
2023-01-21,rohini
2023-01-21,ito
2023-01-21,wazirpur
2023-01-21,alipur
2023-01-21,mandir_marg
2023-01-21,rk_puram
2023-01-22,wazirpur
2023-01-22,alipur
2023-01-22,anand_vihar
2023-01-22,lodhi_road
2023-01-22,nsit_dwarka
2023-01-22,punjabi_bagh
2023-01-22,rk_puram
2023-01-22,rohini
2023-01-22,ito
2023-01-23,punjabi_bagh
2023-01-23,nsit_dwarka
2023-01-23,rk_puram
2023-01-23,mandir_marg
2023-01-23,lodhi_road
2023-01-23,rohini
2023-01-23,ito
2023-01-23,anand_vihar
2023-01-23,wazirpur
2023-01-23,alipur
2023-01-24,rohini
2023-01-24,wazirpur
2023-01-24,punjabi_bagh
2023-01-24,nsit_dwarka
2023-01-24,alipur
2023-01-24,rk_puram
2023-01-24,mandir_marg
2023-01-24,ito
2023-01-24,lodhi_road
2023-01-24,anand_vihar
2023-01-25,rk_puram
2023-01-25,rohini
2023-01-25,wazirpur
2023-01-25,ito
2023-01-25,punjabi_bagh
2023-01-25,anand_vihar
2023-01-25,mandir_marg
2023-01-25,lodhi_road
2023-01-25,nsit_dwarka
2023-01-25,alipur
2023-01-26,mandir_marg
2023-01-26,wazirpur
2023-01-26,lodhi_road
2023-01-26,nsit_dwarka
2023-01-26,alipur
2023-01-26,rohini
2023-01-26,ito
2023-01-26,anand_vihar
2023-01-26,rk_puram
2023-01-26,punjabi_bagh
2023-01-27,rohini
2023-01-27,punjabi_bagh
2023-01-27,ito
2023-01-27,nsit_dwarka
2023-01-27,anand_vihar
2023-01-27,wazirpur
2023-01-27,rk_puram
2023-01-27,alipur
2023-01-27,mandir_marg
2023-01-27,lodhi_road
2023-01-28,rohini
2023-01-28,alipur
2023-01-28,punjabi_bagh
2023-01-28,rk_puram
2023-01-28,wazirpur
2023-01-28,mandir_marg
2023-01-28,ito
2023-01-28,lodhi_road
2023-01-28,nsit_dwarka
2023-01-28,anand_vihar
2023-01-29,punjabi_bagh
2023-01-29,lodhi_road
2023-01-29,ito
2023-01-29,anand_vihar
2023-01-29,alipur
2023-01-29,nsit_dwarka
2023-01-29,mandir_marg
2023-01-29,wazirpur
2023-01-29,rk_puram
2023-01-29,rohini
2023-01-30,nsit_dwarka
2023-01-30,anand_vihar
2023-01-30,ito
2023-01-30,mandir_marg
2023-01-30,wazirpur
2023-01-30,punjabi_bagh
2023-01-30,rk_puram
2023-01-30,rohini
2023-01-31,anand_vihar
2023-01-31,punjabi_bagh
2023-01-31,mandir_marg
2023-01-31,rohini
2023-01-31,alipur
2023-01-31,lodhi_road
2023-01-31,ito
2023-01-31,wazirpur
2023-01-31,nsit_dwarka
2023-02-01,ito
2023-02-01,mandir_marg
2023-02-01,rohini
2023-02-01,alipur
2023-02-01,punjabi_bagh
2023-02-01,anand_vihar
2023-02-01,lodhi_road
2023-02-01,rk_puram
2023-02-01,wazirpur
2023-02-01,nsit_dwarka
2023-02-02,alipur
2023-02-02,lodhi_road
2023-02-02,nsit_dwarka
2023-02-02,anand_vihar
2023-02-02,punjabi_bagh
2023-02-02,rohini
2023-02-02,mandir_marg
2023-02-02,wazirpur
2023-02-02,rk_puram
2023-02-02,ito
2023-02-03,anand_vihar
2023-02-03,ito
2023-02-03,nsit_dwarka
2023-02-03,rk_puram
2023-02-03,mandir_marg
2023-02-03,rohini
2023-02-03,wazirpur
2023-02-03,alipur
2023-02-03,punjabi_bagh
2023-02-03,lodhi_road
2023-02-04,rohini
2023-02-04,anand_vihar
2023-02-04,alipur
2023-02-04,punjabi_bagh
2023-02-04,mandir_marg
2023-02-04,rk_puram
2023-02-04,lodhi_road
2023-02-04,ito
2023-02-05,ito
2023-02-05,lodhi_road
2023-02-05,alipur
2023-02-05,punjabi_bagh
2023-02-05,wazirpur
2023-02-05,mandir_marg
2023-02-05,rk_puram
2023-02-05,rohini
2023-02-05,anand_vihar
2023-02-06,punjabi_bagh
2023-02-06,anand_vihar
2023-02-06,rohini
2023-02-06,mandir_marg
2023-02-06,nsit_dwarka
2023-02-06,wazirpur
2023-02-06,alipur
2023-02-06,lodhi_road
2023-02-06,rk_puram
2023-02-06,ito
2023-02-07,rohini
2023-02-07,ito
2023-02-07,nsit_dwarka
2023-02-07,alipur
2023-02-07,lodhi_road
2023-02-07,punjabi_bagh
2023-02-07,anand_vihar
2023-02-07,mandir_marg
2023-02-07,wazirpur
2023-02-07,rk_puram
2023-02-08,punjabi_bagh
2023-02-08,wazirpur
2023-02-08,alipur
2023-02-08,ito
2023-02-08,anand_vihar
2023-02-08,nsit_dwarka
2023-02-08,rohini
2023-02-08,rk_puram
2023-02-08,lodhi_road
2023-02-09,rohini
2023-02-09,punjabi_bagh
2023-02-09,nsit_dwarka
2023-02-09,rk_puram
2023-02-09,lodhi_road
2023-02-09,mandir_marg
2023-02-09,anand_vihar
2023-02-09,alipur
2023-02-09,wazirpur
2023-02-10,ito
2023-02-10,rohini
2023-02-10,alipur
2023-02-10,nsit_dwarka
2023-02-10,rk_puram
2023-02-10,mandir_marg
2023-02-10,wazirpur
2023-02-10,lodhi_road
2023-02-10,anand_vihar
2023-02-10,punjabi_bagh
2023-02-11,lodhi_road
2023-02-11,mandir_marg
2023-02-11,rk_puram
2023-02-11,ito
2023-02-11,wazirpur
2023-02-11,anand_vihar
2023-02-11,rohini
2023-02-11,punjabi_bagh
2023-02-11,alipur
2023-02-11,nsit_dwarka
2023-02-12,nsit_dwarka
2023-02-12,rohini
2023-02-12,alipur
2023-02-12,wazirpur
2023-02-12,punjabi_bagh
2023-02-12,anand_vihar
2023-02-12,rk_puram
2023-02-12,lodhi_road
2023-02-13,lodhi_road
2023-02-13,alipur
2023-02-13,rk_puram
2023-02-13,mandir_marg
2023-02-13,anand_vihar
2023-02-13,wazirpur
2023-02-13,rohini
2023-02-13,nsit_dwarka
2023-02-13,punjabi_bagh
2023-02-13,ito
2023-02-14,anand_vihar
2023-02-14,alipur
2023-02-14,rohini
2023-02-14,ito
2023-02-14,lodhi_road
2023-02-14,punjabi_bagh
2023-02-14,rk_puram
2023-02-14,nsit_dwarka
2023-02-14,wazirpur
2023-02-14,mandir_marg
2023-02-15,ito
2023-02-15,lodhi_road
2023-02-15,wazirpur
2023-02-15,punjabi_bagh
2023-02-15,mandir_marg
2023-02-15,nsit_dwarka
2023-02-15,rohini
2023-02-15,rk_puram
2023-02-15,anand_vihar
2023-02-15,alipur
2023-02-16,lodhi_road
2023-02-16,nsit_dwarka
2023-02-16,wazirpur
2023-02-16,punjabi_bagh
2023-02-16,rohini
2023-02-16,anand_vihar
2023-02-16,mandir_marg
2023-02-16,ito
2023-02-16,alipur
2023-02-17,rk_puram
2023-02-17,alipur
2023-02-17,rohini
2023-02-17,mandir_marg
2023-02-17,ito
2023-02-17,wazirpur
2023-02-17,anand_vihar
2023-02-17,lodhi_road
2023-02-17,nsit_dwarka
2023-02-17,punjabi_bagh
2023-02-18,lodhi_road
2023-02-18,alipur
2023-02-18,ito
2023-02-18,mandir_marg
2023-02-18,wazirpur
2023-02-18,punjabi_bagh
2023-02-18,rk_puram
2023-02-18,anand_vihar
2023-02-18,rohini
2023-02-18,nsit_dwarka
2023-02-19,wazirpur
2023-02-19,mandir_marg
2023-02-19,alipur
2023-02-19,nsit_dwarka
2023-02-19,ito
2023-02-19,rohini
2023-02-19,lodhi_road
2023-02-19,anand_vihar
2023-02-19,rk_puram
2023-02-19,punjabi_bagh
2023-02-20,nsit_dwarka
2023-02-20,rk_puram
2023-02-20,punjabi_bagh
2023-02-20,anand_vihar
2023-02-20,rohini
2023-02-20,alipur
2023-02-20,mandir_marg
2023-02-20,ito
2023-02-20,lodhi_road
2023-02-21,anand_vihar
2023-02-21,mandir_marg
2023-02-21,alipur
2023-02-21,wazirpur
2023-02-21,punjabi_bagh
2023-02-21,rk_puram
2023-02-21,ito
2023-02-21,nsit_dwarka
2023-02-21,lodhi_road
2023-02-21,rohini
2023-02-22,wazirpur
2023-02-22,punjabi_bagh
2023-02-22,lodhi_road
2023-02-22,rohini
2023-02-22,nsit_dwarka
2023-02-22,ito
2023-02-22,rk_puram
2023-02-22,mandir_marg
2023-02-22,anand_vihar
2023-02-22,alipur
2023-02-23,rohini
2023-02-23,wazirpur
2023-02-23,nsit_dwarka
2023-02-23,ito
2023-02-23,alipur
2023-02-23,rk_puram
2023-02-23,anand_vihar
2023-02-23,mandir_marg
2023-02-23,punjabi_bagh
2023-02-24,punjabi_bagh
2023-02-24,rk_puram
2023-02-24,anand_vihar
2023-02-24,ito
2023-02-24,mandir_marg
2023-02-24,rohini
2023-02-24,wazirpur
2023-02-24,lodhi_road
2023-02-24,alipur
2023-02-24,nsit_dwarka
2023-02-25,rk_puram
2023-02-25,rohini
2023-02-25,nsit_dwarka
2023-02-25,mandir_marg
2023-02-25,ito
2023-02-25,punjabi_bagh
2023-02-25,wazirpur
2023-02-25,alipur
2023-02-25,lodhi_road
2023-02-25,anand_vihar
2023-02-26,punjabi_bagh
2023-02-26,rohini
2023-02-26,wazirpur
2023-02-26,ito
2023-02-26,mandir_marg
2023-02-26,anand_vihar
2023-02-26,alipur
2023-02-26,lodhi_road
2023-02-26,rk_puram
2023-02-26,nsit_dwarka
2023-02-27,rohini
2023-02-27,anand_vihar
2023-02-27,lodhi_road
2023-02-27,wazirpur
2023-02-27,alipur
2023-02-27,punjabi_bagh
2023-02-27,ito
2023-02-27,nsit_dwarka
2023-02-27,rk_puram
2023-02-27,mandir_marg
2023-02-28,rk_puram
2023-02-28,nsit_dwarka
2023-02-28,anand_vihar
2023-02-28,lodhi_road
2023-02-28,ito
2023-02-28,punjabi_bagh
2023-02-28,mandir_marg
2023-02-28,alipur
2023-02-28,wazirpur
2023-03-01,anand_vihar
2023-03-01,nsit_dwarka
2023-03-01,lodhi_road
2023-03-01,wazirpur
2023-03-01,alipur
2023-03-01,ito
2023-03-01,rohini
2023-03-01,rk_puram
2023-03-01,punjabi_bagh
2023-03-02,wazirpur
2023-03-02,rk_puram
2023-03-02,anand_vihar
2023-03-02,punjabi_bagh
2023-03-02,mandir_marg
2023-03-02,rohini
2023-03-02,ito
2023-03-02,lodhi_road
2023-03-02,nsit_dwarka
2023-03-02,alipur
2023-03-03,alipur
2023-03-03,punjabi_bagh
2023-03-03,rohini
2023-03-03,mandir_marg
2023-03-03,rk_puram
2023-03-03,lodhi_road
2023-03-03,wazirpur
2023-03-03,ito
2023-03-03,anand_vihar
2023-03-04,lodhi_road
2023-03-04,anand_vihar
2023-03-04,rk_puram
2023-03-04,alipur
2023-03-04,rohini
2023-03-04,punjabi_bagh
2023-03-04,nsit_dwarka
2023-03-04,ito
2023-03-05,lodhi_road
2023-03-05,rohini
2023-03-05,wazirpur
2023-03-05,punjabi_bagh
2023-03-05,anand_vihar
2023-03-05,nsit_dwarka
2023-03-05,ito
2023-03-05,rk_puram
2023-03-05,alipur
2023-03-06,ito
2023-03-06,punjabi_bagh
2023-03-06,rohini
2023-03-06,mandir_marg
2023-03-06,wazirpur
2023-03-06,anand_vihar
2023-03-06,alipur
2023-03-06,lodhi_road
2023-03-06,rk_puram
2023-03-06,nsit_dwarka
2023-03-07,punjabi_bagh
2023-03-07,alipur
2023-03-07,wazirpur
2023-03-07,mandir_marg
2023-03-07,ito
2023-03-07,lodhi_road
2023-03-07,rk_puram
2023-03-07,nsit_dwarka
2023-03-07,rohini
2023-03-07,anand_vihar
2023-03-08,nsit_dwarka
2023-03-08,punjabi_bagh
2023-03-08,rk_puram
2023-03-08,ito
2023-03-08,anand_vihar
2023-03-08,mandir_marg
2023-03-08,lodhi_road
2023-03-08,alipur
2023-03-08,rohini
2023-03-09,wazirpur
2023-03-09,mandir_marg
2023-03-09,alipur
2023-03-09,ito
2023-03-09,nsit_dwarka
2023-03-09,punjabi_bagh
2023-03-09,lodhi_road
2023-03-09,rohini
2023-03-09,rk_puram
2023-03-09,anand_vihar
2023-03-10,rohini
2023-03-10,alipur
2023-03-10,mandir_marg
2023-03-10,lodhi_road
2023-03-10,ito
2023-03-10,rk_puram
2023-03-10,nsit_dwarka
2023-03-10,punjabi_bagh
2023-03-10,anand_vihar
2023-03-10,wazirpur
2023-03-11,mandir_marg
2023-03-11,nsit_dwarka
2023-03-11,punjabi_bagh
2023-03-11,anand_vihar
2023-03-11,lodhi_road
2023-03-11,wazirpur
2023-03-11,rohini
2023-03-11,alipur
2023-03-11,rk_puram
2023-03-11,ito
2023-03-12,anand_vihar
2023-03-12,rohini
2023-03-12,punjabi_bagh
2023-03-12,nsit_dwarka
2023-03-12,mandir_marg
2023-03-12,wazirpur
2023-03-12,lodhi_road
2023-03-12,rk_puram
2023-03-13,anand_vihar
2023-03-13,ito
2023-03-13,nsit_dwarka
2023-03-13,wazirpur
2023-03-13,lodhi_road
2023-03-13,rohini
2023-03-13,punjabi_bagh
2023-03-13,rk_puram
2023-03-13,alipur
2023-03-13,mandir_marg
2023-03-14,rohini
2023-03-14,rk_puram
2023-03-14,punjabi_bagh
2023-03-14,wazirpur
2023-03-14,mandir_marg
2023-03-14,ito
2023-03-14,lodhi_road
2023-03-14,nsit_dwarka
2023-03-14,anand_vihar
2023-03-14,alipur
2023-03-15,punjabi_bagh
2023-03-15,ito
2023-03-15,nsit_dwarka
2023-03-15,anand_vihar
2023-03-15,lodhi_road
2023-03-15,wazirpur
2023-03-15,rohini
2023-03-15,alipur
2023-03-15,rk_puram
2023-03-15,mandir_marg
2023-03-16,rohini
2023-03-16,nsit_dwarka
2023-03-16,anand_vihar
2023-03-16,mandir_marg
2023-03-16,lodhi_road
2023-03-16,punjabi_bagh
2023-03-16,wazirpur
2023-03-16,alipur
2023-03-16,rk_puram
2023-03-17,punjabi_bagh
2023-03-17,anand_vihar
2023-03-17,nsit_dwarka
2023-03-17,rk_puram
2023-03-17,lodhi_road
2023-03-17,alipur
2023-03-17,mandir_marg
2023-03-17,wazirpur
2023-03-18,lodhi_road
2023-03-18,alipur
2023-03-18,nsit_dwarka
2023-03-18,anand_vihar
2023-03-18,mandir_marg
2023-03-18,wazirpur
2023-03-18,rk_puram
2023-03-18,punjabi_bagh
2023-03-18,rohini
2023-03-19,nsit_dwarka
2023-03-19,mandir_marg
2023-03-19,punjabi_bagh
2023-03-19,rk_puram
2023-03-19,anand_vihar
2023-03-19,lodhi_road
2023-03-20,rk_puram
2023-03-20,nsit_dwarka
2023-03-20,mandir_marg
2023-03-20,rohini
2023-03-20,wazirpur
2023-03-20,lodhi_road
2023-03-20,alipur
2023-03-20,punjabi_bagh
2023-03-20,anand_vihar
2023-03-21,lodhi_road
2023-03-21,punjabi_bagh
2023-03-21,rohini
2023-03-21,rk_puram
2023-03-21,mandir_marg
2023-03-21,wazirpur
2023-03-21,anand_vihar
2023-03-21,nsit_dwarka
2023-03-21,alipur
2023-03-22,lodhi_road
2023-03-22,wazirpur
2023-03-22,anand_vihar
2023-03-22,alipur
2023-03-22,rohini
2023-03-22,mandir_marg
2023-03-22,punjabi_bagh
2023-03-22,nsit_dwarka
2023-03-22,rk_puram
2023-03-23,anand_vihar
2023-03-23,wazirpur
2023-03-23,alipur
2023-03-23,punjabi_bagh
2023-03-23,rohini
2023-03-23,mandir_marg
2023-03-23,nsit_dwarka
2023-03-23,lodhi_road
2023-03-23,rk_puram
2023-03-24,alipur
2023-03-24,rohini
2023-03-24,rk_puram
2023-03-24,lodhi_road
2023-03-24,mandir_marg
2023-03-24,ito
2023-03-24,punjabi_bagh
2023-03-24,wazirpur
2023-03-24,nsit_dwarka
2023-03-24,anand_vihar
2023-03-25,ito
2023-03-25,rk_puram
2023-03-25,anand_vihar
2023-03-25,rohini
2023-03-25,mandir_marg
2023-03-25,alipur
2023-03-25,lodhi_road
2023-03-25,wazirpur
2023-03-25,nsit_dwarka
2023-03-25,punjabi_bagh
2023-03-26,mandir_marg
2023-03-26,lodhi_road
2023-03-26,ito
2023-03-26,wazirpur
2023-03-26,anand_vihar
2023-03-26,punjabi_bagh
2023-03-26,alipur
2023-03-26,nsit_dwarka
2023-03-26,rohini
2023-03-26,rk_puram
2023-03-27,wazirpur
2023-03-27,ito
2023-03-27,lodhi_road
2023-03-27,nsit_dwarka
2023-03-27,alipur
2023-03-27,punjabi_bagh
2023-03-27,rk_puram
2023-03-27,rohini
2023-03-27,mandir_marg
2023-03-27,anand_vihar
2023-03-28,punjabi_bagh
2023-03-28,nsit_dwarka
2023-03-28,rohini
2023-03-28,mandir_marg
2023-03-28,ito
2023-03-28,anand_vihar
2023-03-28,lodhi_road
2023-03-28,rk_puram
2023-03-28,alipur
2023-03-28,wazirpur
2023-03-29,nsit_dwarka
2023-03-29,lodhi_road
2023-03-29,rohini
2023-03-29,anand_vihar
2023-03-29,punjabi_bagh
2023-03-29,alipur
2023-03-29,rk_puram
2023-03-29,ito
2023-03-29,wazirpur
2023-03-29,mandir_marg
2023-03-30,rohini
2023-03-30,rk_puram
2023-03-30,lodhi_road
2023-03-30,alipur
2023-03-30,mandir_marg
2023-03-30,wazirpur
2023-03-30,anand_vihar
2023-03-30,ito
2023-03-30,punjabi_bagh
2023-03-30,nsit_dwarka
2023-03-31,mandir_marg
2023-03-31,punjabi_bagh
2023-03-31,lodhi_road
2023-03-31,rohini
2023-03-31,rk_puram
2023-03-31,wazirpur
2023-03-31,alipur
2023-03-31,ito
2023-03-31,anand_vihar
2023-03-31,nsit_dwarka
2023-04-01,anand_vihar
2023-04-01,rk_puram
2023-04-01,lodhi_road
2023-04-01,punjabi_bagh
2023-04-01,wazirpur
2023-04-01,rohini
2023-04-01,alipur
2023-04-01,nsit_dwarka
2023-04-01,mandir_marg
2023-04-01,ito
2023-04-02,anand_vihar
2023-04-02,wazirpur
2023-04-02,nsit_dwarka
2023-04-02,mandir_marg
2023-04-02,rohini
2023-04-02,lodhi_road
2023-04-02,alipur
2023-04-02,rk_puram
2023-04-02,punjabi_bagh
2023-04-02,ito
2023-04-03,lodhi_road
2023-04-03,ito
2023-04-03,rk_puram
2023-04-03,wazirpur
2023-04-03,alipur
2023-04-03,anand_vihar
2023-04-03,mandir_marg
2023-04-03,punjabi_bagh
2023-04-03,rohini
2023-04-03,nsit_dwarka
2023-04-04,lodhi_road
2023-04-04,rohini
2023-04-04,punjabi_bagh
2023-04-04,alipur
2023-04-04,wazirpur
2023-04-04,mandir_marg
2023-04-04,rk_puram
2023-04-04,ito
2023-04-04,nsit_dwarka
2023-04-05,wazirpur
2023-04-05,ito
2023-04-05,anand_vihar
2023-04-05,rk_puram
2023-04-05,punjabi_bagh
2023-04-05,rohini
2023-04-05,mandir_marg
2023-04-05,lodhi_road
2023-04-05,alipur
2023-04-05,nsit_dwarka
2023-04-06,wazirpur
2023-04-06,rohini
2023-04-06,punjabi_bagh
2023-04-06,alipur
2023-04-06,mandir_marg
2023-04-06,ito
2023-04-06,lodhi_road
2023-04-06,nsit_dwarka
2023-04-06,rk_puram
2023-04-06,anand_vihar
2023-04-07,alipur
2023-04-07,anand_vihar
2023-04-07,ito
2023-04-07,lodhi_road
2023-04-07,rk_puram
2023-04-07,mandir_marg
2023-04-07,nsit_dwarka
2023-04-07,punjabi_bagh
2023-04-07,wazirpur
2023-04-07,rohini
2023-04-08,anand_vihar
2023-04-08,punjabi_bagh
2023-04-08,alipur
2023-04-08,mandir_marg
2023-04-08,rk_puram
2023-04-08,lodhi_road
2023-04-08,rohini
2023-04-08,nsit_dwarka
2023-04-08,wazirpur
2023-04-08,ito
2023-04-09,nsit_dwarka
2023-04-09,mandir_marg
2023-04-09,wazirpur
2023-04-09,anand_vihar
2023-04-09,alipur
2023-04-09,rohini
2023-04-09,ito
2023-04-09,punjabi_bagh
2023-04-09,rk_puram
2023-04-09,lodhi_road
2023-04-10,nsit_dwarka
2023-04-10,mandir_marg
2023-04-10,rohini
2023-04-10,anand_vihar
2023-04-10,lodhi_road
2023-04-10,ito
2023-04-10,punjabi_bagh
2023-04-10,rk_puram
2023-04-10,wazirpur
2023-04-10,alipur
2023-04-11,mandir_marg
2023-04-11,alipur
2023-04-11,wazirpur
2023-04-11,rohini
2023-04-11,rk_puram
2023-04-11,lodhi_road
2023-04-11,punjabi_bagh
2023-04-11,nsit_dwarka
2023-04-11,anand_vihar
2023-04-11,ito
2023-04-12,rk_puram
2023-04-12,nsit_dwarka
2023-04-12,alipur
2023-04-12,anand_vihar
2023-04-12,mandir_marg
2023-04-12,punjabi_bagh
2023-04-12,wazirpur
2023-04-12,rohini
2023-04-12,ito
2023-04-12,lodhi_road
2023-04-13,ito
2023-04-13,anand_vihar
2023-04-13,nsit_dwarka
2023-04-13,wazirpur
2023-04-13,alipur
2023-04-13,rk_puram
2023-04-13,punjabi_bagh
2023-04-13,rohini
2023-04-13,lodhi_road
2023-04-13,mandir_marg
2023-04-14,mandir_marg
2023-04-14,rohini
2023-04-14,alipur
2023-04-14,rk_puram
2023-04-14,wazirpur
2023-04-14,punjabi_bagh
2023-04-14,ito
2023-04-14,anand_vihar
2023-04-14,lodhi_road
2023-04-14,nsit_dwarka
2023-04-15,lodhi_road
2023-04-15,rk_puram
2023-04-15,wazirpur
2023-04-15,ito
2023-04-15,mandir_marg
2023-04-15,rohini
2023-04-15,nsit_dwarka
2023-04-15,punjabi_bagh
2023-04-15,anand_vihar
2023-04-15,alipur
2023-04-16,lodhi_road
2023-04-16,anand_vihar
2023-04-16,punjabi_bagh
2023-04-16,ito
2023-04-16,wazirpur
2023-04-16,mandir_marg
2023-04-16,rk_puram
2023-04-16,rohini
2023-04-16,nsit_dwarka
2023-04-16,alipur
2023-04-17,wazirpur
2023-04-17,mandir_marg
2023-04-17,rohini
2023-04-17,ito
2023-04-17,nsit_dwarka
2023-04-17,anand_vihar
2023-04-17,lodhi_road
2023-04-17,rk_puram
2023-04-17,punjabi_bagh
2023-04-18,anand_vihar
2023-04-18,wazirpur
2023-04-18,punjabi_bagh
2023-04-18,nsit_dwarka
2023-04-18,lodhi_road
2023-04-18,rohini
2023-04-18,mandir_marg
2023-04-18,ito
2023-04-18,alipur
2023-04-18,rk_puram
2023-04-19,mandir_marg
2023-04-19,nsit_dwarka
2023-04-19,alipur
2023-04-19,ito
2023-04-19,punjabi_bagh
2023-04-19,anand_vihar
2023-04-19,rohini
2023-04-19,lodhi_road
2023-04-19,wazirpur
2023-04-19,rk_puram
2023-04-20,anand_vihar
2023-04-20,ito
2023-04-20,lodhi_road
2023-04-20,rk_puram
2023-04-20,punjabi_bagh
2023-04-20,wazirpur
2023-04-20,alipur
2023-04-20,mandir_marg
2023-04-20,nsit_dwarka
2023-04-21,ito
2023-04-21,alipur
2023-04-21,mandir_marg
2023-04-21,rohini
2023-04-21,rk_puram
2023-04-21,lodhi_road
2023-04-21,wazirpur
2023-04-21,anand_vihar
2023-04-21,nsit_dwarka
2023-04-22,alipur
2023-04-22,mandir_marg
2023-04-22,rk_puram
2023-04-22,lodhi_road
2023-04-22,rohini
2023-04-22,wazirpur
2023-04-22,ito
2023-04-22,anand_vihar
2023-04-23,rk_puram
2023-04-23,ito
2023-04-23,punjabi_bagh
2023-04-23,nsit_dwarka
2023-04-23,anand_vihar
2023-04-23,alipur
2023-04-23,wazirpur
2023-04-23,mandir_marg
2023-04-23,lodhi_road
2023-04-23,rohini
2023-04-24,lodhi_road
2023-04-24,rk_puram
2023-04-24,nsit_dwarka
2023-04-24,alipur
2023-04-24,wazirpur
2023-04-24,mandir_marg
2023-04-24,rohini
2023-04-24,ito
2023-04-24,anand_vihar
2023-04-24,punjabi_bagh
2023-04-25,ito
2023-04-25,punjabi_bagh
2023-04-25,rohini
2023-04-25,alipur
2023-04-25,mandir_marg
2023-04-25,rk_puram
2023-04-25,wazirpur
2023-04-25,nsit_dwarka
2023-04-25,lodhi_road
2023-04-25,anand_vihar
2023-04-26,wazirpur
2023-04-26,rohini
2023-04-26,mandir_marg
2023-04-26,rk_puram
2023-04-26,ito
2023-04-26,nsit_dwarka
2023-04-26,anand_vihar
2023-04-26,lodhi_road
2023-04-26,alipur
2023-04-27,anand_vihar
2023-04-27,lodhi_road
2023-04-27,punjabi_bagh
2023-04-27,ito
2023-04-27,rohini
2023-04-27,rk_puram
2023-04-27,mandir_marg
2023-04-27,alipur
2023-04-27,nsit_dwarka
2023-04-27,wazirpur
2023-04-28,mandir_marg
2023-04-28,punjabi_bagh
2023-04-28,alipur
2023-04-28,nsit_dwarka
2023-04-28,rohini
2023-04-28,rk_puram
2023-04-28,ito
2023-04-28,wazirpur
2023-04-28,lodhi_road
2023-04-28,anand_vihar
2023-04-29,rk_puram
2023-04-29,alipur
2023-04-29,nsit_dwarka
2023-04-29,mandir_marg
2023-04-29,wazirpur
2023-04-29,rohini
2023-04-29,ito
2023-04-29,punjabi_bagh
2023-04-29,anand_vihar
2023-04-30,punjabi_bagh
2023-04-30,mandir_marg
2023-04-30,rohini
2023-04-30,ito
2023-04-30,anand_vihar
2023-04-30,lodhi_road
2023-04-30,wazirpur
2023-04-30,alipur
2023-04-30,rk_puram
2023-04-30,nsit_dwarka
2023-05-01,wazirpur
2023-05-01,rohini
2023-05-01,alipur
2023-05-01,lodhi_road
2023-05-01,anand_vihar
2023-05-01,punjabi_bagh
2023-05-01,rk_puram
2023-05-01,mandir_marg
2023-05-01,nsit_dwarka
2023-05-01,ito
2023-05-02,rk_puram
2023-05-02,ito
2023-05-02,lodhi_road
2023-05-02,anand_vihar
2023-05-02,punjabi_bagh
2023-05-02,alipur
2023-05-02,mandir_marg
2023-05-02,wazirpur
2023-05-02,rohini
2023-05-02,nsit_dwarka
2023-05-03,anand_vihar
2023-05-03,ito
2023-05-03,wazirpur
2023-05-03,punjabi_bagh
2023-05-03,rk_puram
2023-05-03,mandir_marg
2023-05-03,lodhi_road
2023-05-03,rohini
2023-05-03,alipur
2023-05-03,nsit_dwarka
2023-05-04,anand_vihar
2023-05-04,mandir_marg
2023-05-04,wazirpur
2023-05-04,alipur
2023-05-04,nsit_dwarka
2023-05-04,rohini
2023-05-04,ito
2023-05-04,lodhi_road
2023-05-04,rk_puram
2023-05-04,punjabi_bagh
2023-05-05,anand_vihar
2023-05-05,rk_puram
2023-05-05,nsit_dwarka
2023-05-05,wazirpur
2023-05-05,alipur
2023-05-05,punjabi_bagh
2023-05-05,rohini
2023-05-05,lodhi_road
2023-05-05,mandir_marg
2023-05-05,ito
2023-05-06,alipur
2023-05-06,wazirpur
2023-05-06,nsit_dwarka
2023-05-06,rk_puram
2023-05-06,rohini
2023-05-06,anand_vihar
2023-05-06,punjabi_bagh
2023-05-06,lodhi_road
2023-05-06,ito
2023-05-06,mandir_marg
2023-05-07,rohini
2023-05-07,mandir_marg
2023-05-07,wazirpur
2023-05-07,rk_puram
2023-05-07,lodhi_road
2023-05-07,alipur
2023-05-07,ito
2023-05-07,anand_vihar
2023-05-07,punjabi_bagh
2023-05-07,nsit_dwarka
2023-05-08,rohini
2023-05-08,anand_vihar
2023-05-08,punjabi_bagh
2023-05-08,wazirpur
2023-05-08,nsit_dwarka
2023-05-08,lodhi_road
2023-05-08,ito
2023-05-08,alipur
2023-05-08,rk_puram
2023-05-09,rk_puram
2023-05-09,nsit_dwarka
2023-05-09,mandir_marg
2023-05-09,anand_vihar
2023-05-09,rohini
2023-05-09,alipur
2023-05-09,wazirpur
2023-05-09,lodhi_road
2023-05-09,ito
2023-05-09,punjabi_bagh
2023-05-10,alipur
2023-05-10,lodhi_road
2023-05-10,ito
2023-05-10,nsit_dwarka
2023-05-10,rohini
2023-05-10,wazirpur
2023-05-10,mandir_marg
2023-05-10,anand_vihar
2023-05-10,punjabi_bagh
2023-05-10,rk_puram
2023-05-11,alipur
2023-05-11,mandir_marg
2023-05-11,ito
2023-05-11,lodhi_road
2023-05-11,nsit_dwarka
2023-05-11,punjabi_bagh
2023-05-11,anand_vihar
2023-05-11,rohini
2023-05-11,wazirpur
2023-05-11,rk_puram
2023-05-12,rk_puram
2023-05-12,nsit_dwarka
2023-05-12,mandir_marg
2023-05-12,ito
2023-05-12,alipur
2023-05-12,wazirpur
2023-05-12,punjabi_bagh
2023-05-12,lodhi_road
2023-05-12,rohini
2023-05-12,anand_vihar
2023-05-13,mandir_marg
2023-05-13,rohini
2023-05-13,punjabi_bagh
2023-05-13,anand_vihar
2023-05-13,wazirpur
2023-05-13,nsit_dwarka
2023-05-13,rk_puram
2023-05-13,lodhi_road
2023-05-13,alipur
2023-05-14,lodhi_road
2023-05-14,wazirpur
2023-05-14,rk_puram
2023-05-14,rohini
2023-05-14,alipur
2023-05-14,mandir_marg
2023-05-14,nsit_dwarka
2023-05-14,anand_vihar
2023-05-14,punjabi_bagh
2023-05-14,ito
2023-05-15,ito
2023-05-15,lodhi_road
2023-05-15,alipur
2023-05-15,mandir_marg
2023-05-15,rk_puram
2023-05-15,rohini
2023-05-15,nsit_dwarka
2023-05-15,punjabi_bagh
2023-05-15,wazirpur
2023-05-15,anand_vihar
2023-05-16,alipur
2023-05-16,lodhi_road
2023-05-16,ito
2023-05-16,anand_vihar
2023-05-16,wazirpur
2023-05-16,mandir_marg
2023-05-16,nsit_dwarka
2023-05-16,rk_puram
2023-05-17,lodhi_road
2023-05-17,alipur
2023-05-17,rohini
2023-05-17,rk_puram
2023-05-17,ito
2023-05-17,mandir_marg
2023-05-17,nsit_dwarka
2023-05-17,wazirpur
2023-05-17,anand_vihar
2023-05-18,anand_vihar
2023-05-18,nsit_dwarka
2023-05-18,alipur
2023-05-18,rohini
2023-05-18,lodhi_road
2023-05-18,mandir_marg
2023-05-18,wazirpur
2023-05-18,rk_puram
2023-05-18,punjabi_bagh
2023-05-19,wazirpur
2023-05-19,lodhi_road
2023-05-19,punjabi_bagh
2023-05-19,alipur
2023-05-19,mandir_marg
2023-05-19,rohini
2023-05-19,rk_puram
2023-05-19,nsit_dwarka
2023-05-19,anand_vihar
2023-05-20,punjabi_bagh
2023-05-20,lodhi_road
2023-05-20,nsit_dwarka
2023-05-20,rohini
2023-05-20,wazirpur
2023-05-20,mandir_marg
2023-05-20,alipur
2023-05-20,rk_puram
2023-05-20,anand_vihar
2023-05-21,punjabi_bagh
2023-05-21,anand_vihar
2023-05-21,rohini
2023-05-21,nsit_dwarka
2023-05-21,rk_puram
2023-05-21,mandir_marg
2023-05-21,wazirpur
2023-05-21,lodhi_road
2023-05-21,alipur
2023-05-22,alipur
2023-05-22,rk_puram
2023-05-22,mandir_marg
2023-05-22,lodhi_road
2023-05-22,anand_vihar
2023-05-22,rohini
2023-05-22,nsit_dwarka
2023-05-22,wazirpur
2023-05-22,punjabi_bagh
2023-05-23,mandir_marg
2023-05-23,alipur
2023-05-23,anand_vihar
2023-05-23,rk_puram
2023-05-23,wazirpur
2023-05-23,rohini
2023-05-23,lodhi_road
2023-05-23,punjabi_bagh
2023-05-23,nsit_dwarka
2023-05-24,lodhi_road
2023-05-24,wazirpur
2023-05-24,rk_puram
2023-05-24,nsit_dwarka
2023-05-24,rohini
2023-05-24,punjabi_bagh
2023-05-24,anand_vihar
2023-05-25,rk_puram
2023-05-25,rohini
2023-05-25,mandir_marg
2023-05-25,lodhi_road
2023-05-25,nsit_dwarka
2023-05-25,wazirpur
2023-05-25,anand_vihar
2023-05-25,punjabi_bagh
2023-05-26,mandir_marg
2023-05-26,anand_vihar
2023-05-26,wazirpur
2023-05-26,rohini
2023-05-26,nsit_dwarka
2023-05-26,punjabi_bagh
2023-05-26,lodhi_road
2023-05-26,rk_puram
2023-05-27,nsit_dwarka
2023-05-27,punjabi_bagh
2023-05-27,lodhi_road
2023-05-27,wazirpur
2023-05-27,anand_vihar
2023-05-27,alipur
2023-05-27,rk_puram
2023-05-27,rohini
2023-05-27,mandir_marg
2023-05-28,rohini
2023-05-28,alipur
2023-05-28,mandir_marg
2023-05-28,anand_vihar
2023-05-28,nsit_dwarka
2023-05-28,punjabi_bagh
2023-05-28,wazirpur
2023-05-28,rk_puram
2023-05-28,lodhi_road
2023-05-29,punjabi_bagh
2023-05-29,rohini
2023-05-29,rk_puram
2023-05-29,lodhi_road
2023-05-29,anand_vihar
2023-05-29,mandir_marg
2023-05-29,alipur
2023-05-29,nsit_dwarka
2023-05-29,wazirpur
2023-05-30,alipur
2023-05-30,rk_puram
2023-05-30,wazirpur
2023-05-30,mandir_marg
2023-05-30,punjabi_bagh
2023-05-30,anand_vihar
2023-05-30,nsit_dwarka
2023-05-30,lodhi_road
2023-05-30,rohini
2023-05-31,rk_puram
2023-05-31,anand_vihar
2023-05-31,mandir_marg
2023-05-31,wazirpur
2023-05-31,punjabi_bagh
2023-05-31,nsit_dwarka
2023-05-31,rohini
2023-05-31,lodhi_road
2023-05-31,alipur
2023-06-01,lodhi_road
2023-06-01,anand_vihar
2023-06-01,nsit_dwarka
2023-06-01,punjabi_bagh
2023-06-01,wazirpur
2023-06-01,rk_puram
2023-06-01,mandir_marg
2023-06-01,alipur
2023-06-01,rohini
2023-06-02,rk_puram
2023-06-02,punjabi_bagh
2023-06-02,anand_vihar
2023-06-02,lodhi_road
2023-06-02,alipur
2023-06-02,mandir_marg
2023-06-02,nsit_dwarka
2023-06-02,rohini
2023-06-02,wazirpur
2023-06-03,wazirpur
2023-06-03,nsit_dwarka
2023-06-03,rohini
2023-06-03,punjabi_bagh
2023-06-03,rk_puram
2023-06-03,anand_vihar
2023-06-03,alipur
2023-06-03,lodhi_road
2023-06-03,mandir_marg
2023-06-04,rk_puram
2023-06-04,ito
2023-06-04,wazirpur
2023-06-04,anand_vihar
2023-06-04,lodhi_road
2023-06-04,mandir_marg
2023-06-04,rohini
2023-06-04,nsit_dwarka
2023-06-05,ito
2023-06-05,nsit_dwarka
2023-06-05,rk_puram
2023-06-05,wazirpur
2023-06-05,mandir_marg
2023-06-05,rohini
2023-06-05,lodhi_road
2023-06-05,anand_vihar
2023-06-05,punjabi_bagh
2023-06-06,ito
2023-06-06,lodhi_road
2023-06-06,mandir_marg
2023-06-06,wazirpur
2023-06-06,rk_puram
2023-06-06,punjabi_bagh
2023-06-06,rohini
2023-06-06,nsit_dwarka
2023-06-07,ito
2023-06-07,anand_vihar
2023-06-07,alipur
2023-06-07,nsit_dwarka
2023-06-07,lodhi_road
2023-06-07,rohini
2023-06-07,punjabi_bagh
2023-06-07,mandir_marg
2023-06-07,rk_puram
2023-06-08,punjabi_bagh
2023-06-08,anand_vihar
2023-06-08,rohini
2023-06-08,nsit_dwarka
2023-06-08,rk_puram
2023-06-08,wazirpur
2023-06-08,alipur
2023-06-08,ito
2023-06-08,lodhi_road
2023-06-09,nsit_dwarka
2023-06-09,rk_puram
2023-06-09,anand_vihar
2023-06-09,punjabi_bagh
2023-06-09,wazirpur
2023-06-09,mandir_marg
2023-06-09,ito
2023-06-09,alipur
2023-06-09,rohini
2023-06-10,wazirpur
2023-06-10,ito
2023-06-10,anand_vihar
2023-06-10,rohini
2023-06-10,nsit_dwarka
2023-06-10,mandir_marg
2023-06-10,punjabi_bagh
2023-06-10,rk_puram
2023-06-10,lodhi_road
2023-06-10,alipur
2023-06-11,mandir_marg
2023-06-11,nsit_dwarka
2023-06-11,ito
2023-06-11,rk_puram
2023-06-11,alipur
2023-06-11,lodhi_road
2023-06-11,anand_vihar
2023-06-11,punjabi_bagh
2023-06-11,rohini
2023-06-11,wazirpur
2023-06-12,punjabi_bagh
2023-06-12,nsit_dwarka
2023-06-12,alipur
2023-06-12,wazirpur
2023-06-12,ito
2023-06-12,rk_puram
2023-06-12,mandir_marg
2023-06-13,alipur
2023-06-13,rk_puram
2023-06-13,nsit_dwarka
2023-06-13,rohini
2023-06-13,mandir_marg
2023-06-13,anand_vihar
2023-06-13,punjabi_bagh
2023-06-13,ito
2023-06-13,wazirpur
2023-06-14,nsit_dwarka
2023-06-14,anand_vihar
2023-06-14,lodhi_road
2023-06-14,ito
2023-06-14,punjabi_bagh
2023-06-14,rohini
2023-06-14,alipur
2023-06-14,mandir_marg
2023-06-14,wazirpur
2023-06-14,rk_puram
2023-06-15,punjabi_bagh
2023-06-15,ito
2023-06-15,lodhi_road
2023-06-15,rk_puram
2023-06-15,wazirpur
2023-06-15,alipur
2023-06-15,rohini
2023-06-15,mandir_marg
2023-06-15,nsit_dwarka
2023-06-16,alipur
2023-06-16,wazirpur
2023-06-16,lodhi_road
2023-06-16,nsit_dwarka
2023-06-16,mandir_marg
2023-06-16,anand_vihar
2023-06-16,punjabi_bagh
2023-06-16,rk_puram
2023-06-16,ito
2023-06-16,rohini
2023-06-17,rohini
2023-06-17,lodhi_road
2023-06-17,wazirpur
2023-06-17,mandir_marg
2023-06-17,rk_puram
2023-06-17,alipur
2023-06-17,anand_vihar
2023-06-17,ito
2023-06-17,punjabi_bagh
2023-06-17,nsit_dwarka
2023-06-18,alipur
2023-06-18,ito
2023-06-18,anand_vihar
2023-06-18,mandir_marg
2023-06-18,nsit_dwarka
2023-06-18,wazirpur
2023-06-18,rohini
2023-06-18,rk_puram
2023-06-19,wazirpur
2023-06-19,ito
2023-06-19,mandir_marg
2023-06-19,nsit_dwarka
2023-06-19,rohini
2023-06-19,rk_puram
2023-06-19,alipur
2023-06-20,mandir_marg
2023-06-20,lodhi_road
2023-06-20,ito
2023-06-20,rk_puram
2023-06-20,anand_vihar
2023-06-20,alipur
2023-06-20,wazirpur
2023-06-20,nsit_dwarka
2023-06-20,rohini
2023-06-20,punjabi_bagh
2023-06-21,punjabi_bagh
2023-06-21,rk_puram
2023-06-21,nsit_dwarka
2023-06-21,rohini
2023-06-21,ito
2023-06-21,lodhi_road
2023-06-21,alipur
2023-06-21,anand_vihar
2023-06-21,wazirpur
2023-06-21,mandir_marg
2023-06-22,punjabi_bagh
2023-06-22,mandir_marg
2023-06-22,ito
2023-06-22,alipur
2023-06-22,nsit_dwarka
2023-06-22,rk_puram
2023-06-22,wazirpur
2023-06-22,rohini
2023-06-23,wazirpur
2023-06-23,mandir_marg
2023-06-23,alipur
2023-06-23,anand_vihar
2023-06-23,rk_puram
2023-06-23,ito
2023-06-23,punjabi_bagh
2023-06-23,rohini
2023-06-24,rohini
2023-06-24,wazirpur
2023-06-24,ito
2023-06-24,nsit_dwarka
2023-06-24,alipur
2023-06-24,mandir_marg
2023-06-24,rk_puram
2023-06-24,anand_vihar
2023-06-24,punjabi_bagh
2023-06-25,anand_vihar
2023-06-25,alipur
2023-06-25,nsit_dwarka
2023-06-25,lodhi_road
2023-06-25,rohini
2023-06-25,wazirpur
2023-06-25,punjabi_bagh
2023-06-25,rk_puram
2023-06-25,mandir_marg
2023-06-25,ito
2023-06-26,anand_vihar
2023-06-26,ito
2023-06-26,mandir_marg
2023-06-26,alipur
2023-06-26,lodhi_road
2023-06-26,rohini
2023-06-26,rk_puram
2023-06-26,punjabi_bagh
2023-06-27,anand_vihar
2023-06-27,mandir_marg
2023-06-27,lodhi_road
2023-06-27,rohini
2023-06-27,nsit_dwarka
2023-06-27,rk_puram
2023-06-27,punjabi_bagh
2023-06-27,alipur
2023-06-27,ito
2023-06-28,ito
2023-06-28,rk_puram
2023-06-28,punjabi_bagh
2023-06-28,lodhi_road
2023-06-28,rohini
2023-06-28,alipur
2023-06-28,mandir_marg
2023-06-28,anand_vihar
2023-06-28,wazirpur
2023-06-29,rk_puram
2023-06-29,punjabi_bagh
2023-06-29,rohini
2023-06-29,anand_vihar
2023-06-29,alipur
2023-06-29,lodhi_road
2023-06-29,nsit_dwarka
2023-06-29,ito
2023-06-29,mandir_marg
2023-06-30,mandir_marg
2023-06-30,rohini
2023-06-30,lodhi_road
2023-06-30,nsit_dwarka
2023-06-30,wazirpur
2023-06-30,alipur
2023-06-30,punjabi_bagh
2023-06-30,anand_vihar
2023-06-30,rk_puram
2023-06-30,ito
2023-07-01,mandir_marg
2023-07-01,anand_vihar
2023-07-01,nsit_dwarka
2023-07-01,punjabi_bagh
2023-07-01,rohini
2023-07-01,ito
2023-07-01,rk_puram
2023-07-01,alipur
2023-07-01,wazirpur
2023-07-02,rohini
2023-07-02,alipur
2023-07-02,rk_puram
2023-07-02,mandir_marg
2023-07-02,lodhi_road
2023-07-02,ito
2023-07-02,wazirpur
2023-07-02,punjabi_bagh
2023-07-02,anand_vihar
2023-07-02,nsit_dwarka
2023-07-03,nsit_dwarka
2023-07-03,anand_vihar
2023-07-03,wazirpur
2023-07-03,ito
2023-07-03,punjabi_bagh
2023-07-03,lodhi_road
2023-07-03,rk_puram
2023-07-03,rohini
2023-07-03,alipur
2023-07-04,rohini
2023-07-04,nsit_dwarka
2023-07-04,lodhi_road
2023-07-04,ito
2023-07-04,wazirpur
2023-07-04,alipur
2023-07-04,anand_vihar
2023-07-04,rk_puram
2023-07-04,mandir_marg
2023-07-05,punjabi_bagh
2023-07-05,alipur
2023-07-05,nsit_dwarka
2023-07-05,wazirpur
2023-07-05,ito
2023-07-05,mandir_marg
2023-07-05,lodhi_road
2023-07-05,anand_vihar
2023-07-05,rk_puram
2023-07-06,alipur
2023-07-06,lodhi_road
2023-07-06,wazirpur
2023-07-06,punjabi_bagh
2023-07-06,rk_puram
2023-07-06,rohini
2023-07-06,ito
2023-07-06,mandir_marg
2023-07-06,nsit_dwarka
2023-07-06,anand_vihar
2023-07-07,wazirpur
2023-07-07,mandir_marg
2023-07-07,rohini
2023-07-07,nsit_dwarka
2023-07-07,ito
2023-07-07,alipur
2023-07-07,punjabi_bagh
2023-07-07,rk_puram
2023-07-08,mandir_marg
2023-07-08,rohini
2023-07-08,lodhi_road
2023-07-08,punjabi_bagh
2023-07-08,alipur
2023-07-08,wazirpur
2023-07-08,anand_vihar
2023-07-08,ito
2023-07-08,nsit_dwarka
2023-07-08,rk_puram
2023-07-09,rohini
2023-07-09,rk_puram
2023-07-09,mandir_marg
2023-07-09,nsit_dwarka
2023-07-09,ito
2023-07-09,punjabi_bagh
2023-07-09,lodhi_road
2023-07-10,nsit_dwarka
2023-07-10,ito
2023-07-10,lodhi_road
2023-07-11,nsit_dwarka
2023-07-11,punjabi_bagh
2023-07-11,rohini
2023-07-11,alipur
2023-07-11,wazirpur
2023-07-11,mandir_marg
2023-07-11,anand_vihar
2023-07-11,ito
2023-07-11,lodhi_road
2023-07-11,rk_puram
2023-07-12,nsit_dwarka
2023-07-12,rohini
2023-07-12,rk_puram
2023-07-12,lodhi_road
2023-07-12,wazirpur
2023-07-12,punjabi_bagh
2023-07-12,alipur
2023-07-12,anand_vihar
2023-07-12,mandir_marg
2023-07-12,ito
2023-07-13,rk_puram
2023-07-13,alipur
2023-07-13,nsit_dwarka
2023-07-13,anand_vihar
2023-07-13,punjabi_bagh
2023-07-13,wazirpur
2023-07-13,ito
2023-07-13,rohini
2023-07-13,lodhi_road
2023-07-13,mandir_marg
2023-07-14,ito
2023-07-14,lodhi_road
2023-07-14,nsit_dwarka
2023-07-15,ito
2023-07-15,nsit_dwarka
2023-07-16,lodhi_road
2023-07-16,nsit_dwarka
2023-07-16,ito
2023-07-17,nsit_dwarka
2023-07-17,ito
2023-07-18,ito
2023-07-18,nsit_dwarka
2023-07-19,nsit_dwarka
2023-07-19,ito
2023-07-19,lodhi_road
2023-07-20,nsit_dwarka
2023-07-20,ito
2023-07-21,ito
2023-07-21,lodhi_road
2023-07-21,nsit_dwarka
2023-07-22,mandir_marg
2023-07-22,rohini
2023-07-22,ito
2023-07-22,punjabi_bagh
2023-07-22,alipur
2023-07-22,nsit_dwarka
2023-07-22,wazirpur
2023-07-22,rk_puram
2023-07-23,anand_vihar
2023-07-23,mandir_marg
2023-07-23,wazirpur
2023-07-23,ito
2023-07-23,punjabi_bagh
2023-07-23,rohini
2023-07-23,rk_puram
2023-07-23,nsit_dwarka
2023-07-23,lodhi_road
2023-07-23,alipur
2023-07-24,anand_vihar
2023-07-24,lodhi_road
2023-07-24,punjabi_bagh
2023-07-24,rk_puram
2023-07-24,wazirpur
2023-07-24,mandir_marg
2023-07-24,ito
2023-07-24,nsit_dwarka
2023-07-24,alipur
2023-07-25,nsit_dwarka
2023-07-25,lodhi_road
2023-07-25,ito
2023-07-26,nsit_dwarka
2023-07-26,rk_puram
2023-07-26,rohini
2023-07-26,mandir_marg
2023-07-26,wazirpur
2023-07-26,punjabi_bagh
2023-07-26,lodhi_road
2023-07-26,ito
2023-07-26,anand_vihar
2023-07-26,alipur
2023-07-27,anand_vihar
2023-07-27,wazirpur
2023-07-27,rk_puram
2023-07-27,ito
2023-07-27,nsit_dwarka
2023-07-27,punjabi_bagh
2023-07-27,mandir_marg
2023-07-27,lodhi_road
2023-07-27,alipur
2023-07-27,rohini
2023-07-28,rohini
2023-07-28,ito
2023-07-28,mandir_marg
2023-07-28,punjabi_bagh
2023-07-28,nsit_dwarka
2023-07-28,wazirpur
2023-07-28,lodhi_road
2023-07-28,alipur
2023-07-28,rk_puram
2023-07-29,lodhi_road
2023-07-29,rohini
2023-07-29,nsit_dwarka
2023-07-29,ito
2023-07-29,wazirpur
2023-07-29,rk_puram
2023-07-30,lodhi_road
2023-07-30,nsit_dwarka
2023-07-30,wazirpur
2023-07-30,anand_vihar
2023-07-30,punjabi_bagh
2023-07-30,alipur
2023-07-30,mandir_marg
2023-07-30,ito
2023-07-31,mandir_marg
2023-07-31,alipur
2023-07-31,ito
2023-07-31,punjabi_bagh
2023-07-31,wazirpur
2023-07-31,rk_puram
2023-07-31,nsit_dwarka
2023-07-31,anand_vihar
2023-08-01,ito
2023-08-01,nsit_dwarka
2023-08-01,punjabi_bagh
2023-08-01,alipur
2023-08-01,wazirpur
2023-08-01,mandir_marg
2023-08-01,anand_vihar
2023-08-01,rk_puram
2023-08-02,anand_vihar
2023-08-02,rohini
2023-08-02,alipur
2023-08-02,ito
2023-08-02,punjabi_bagh
2023-08-02,mandir_marg
2023-08-02,rk_puram
2023-08-03,ito
2023-08-03,punjabi_bagh
2023-08-03,nsit_dwarka
2023-08-03,alipur
2023-08-03,mandir_marg
2023-08-03,lodhi_road
2023-08-03,rk_puram
2023-08-04,punjabi_bagh
2023-08-04,nsit_dwarka
2023-08-04,mandir_marg
2023-08-04,lodhi_road
2023-08-04,wazirpur
2023-08-04,anand_vihar
2023-08-04,rohini
2023-08-04,ito
2023-08-04,rk_puram
2023-08-04,alipur
2023-08-05,alipur
2023-08-05,rk_puram
2023-08-05,lodhi_road
2023-08-05,nsit_dwarka
2023-08-05,mandir_marg
2023-08-05,rohini
2023-08-05,ito
2023-08-06,nsit_dwarka
2023-08-06,rohini
2023-08-06,mandir_marg
2023-08-06,alipur
2023-08-06,punjabi_bagh
2023-08-06,ito
2023-08-06,wazirpur
2023-08-06,anand_vihar
2023-08-06,rk_puram
2023-08-06,lodhi_road
2023-08-07,anand_vihar
2023-08-07,ito
2023-08-07,mandir_marg
2023-08-07,alipur
2023-08-07,nsit_dwarka
2023-08-07,rk_puram
2023-08-07,wazirpur
2023-08-07,rohini
2023-08-07,punjabi_bagh
2023-08-07,lodhi_road
2023-08-08,wazirpur
2023-08-08,rk_puram
2023-08-08,rohini
2023-08-08,punjabi_bagh
2023-08-08,lodhi_road
2023-08-08,mandir_marg
2023-08-08,alipur
2023-08-08,nsit_dwarka
2023-08-08,ito
2023-08-09,wazirpur
2023-08-09,alipur
2023-08-09,lodhi_road
2023-08-09,punjabi_bagh
2023-08-09,ito
2023-08-09,rohini
2023-08-09,nsit_dwarka
2023-08-09,mandir_marg
2023-08-09,rk_puram
2023-08-10,alipur
2023-08-10,punjabi_bagh
2023-08-10,mandir_marg
2023-08-10,rk_puram
2023-08-10,lodhi_road
2023-08-10,nsit_dwarka
2023-08-10,rohini
2023-08-10,ito
2023-08-11,nsit_dwarka
2023-08-11,ito
2023-08-11,wazirpur
2023-08-11,alipur
2023-08-11,lodhi_road
2023-08-11,mandir_marg
2023-08-11,rk_puram
2023-08-11,punjabi_bagh
2023-08-11,rohini
2023-08-12,ito
2023-08-12,rohini
2023-08-12,mandir_marg
2023-08-12,lodhi_road
2023-08-12,nsit_dwarka
2023-08-12,alipur
2023-08-12,rk_puram
2023-08-13,wazirpur
2023-08-13,alipur
2023-08-13,lodhi_road
2023-08-13,rohini
2023-08-13,rk_puram
2023-08-13,ito
2023-08-13,nsit_dwarka
2023-08-13,mandir_marg
2023-08-14,alipur
2023-08-14,punjabi_bagh
2023-08-14,lodhi_road
2023-08-14,ito
2023-08-14,mandir_marg
2023-08-14,rk_puram
2023-08-14,rohini
2023-08-14,wazirpur
2023-08-14,nsit_dwarka
2023-08-15,alipur
2023-08-15,punjabi_bagh
2023-08-15,wazirpur
2023-08-15,lodhi_road
2023-08-15,ito
2023-08-15,nsit_dwarka
2023-08-15,rk_puram
2023-08-15,mandir_marg
2023-08-15,rohini
2023-08-16,mandir_marg
2023-08-16,nsit_dwarka
2023-08-16,alipur
2023-08-16,wazirpur
2023-08-16,punjabi_bagh
2023-08-16,ito
2023-08-16,lodhi_road
2023-08-17,nsit_dwarka
2023-08-17,alipur
2023-08-17,anand_vihar
2023-08-17,wazirpur
2023-08-17,mandir_marg
2023-08-17,punjabi_bagh
2023-08-17,ito
2023-08-17,rk_puram
2023-08-17,rohini
2023-08-17,lodhi_road
2023-08-18,nsit_dwarka
2023-08-18,rk_puram
2023-08-18,wazirpur
2023-08-18,ito
2023-08-18,anand_vihar
2023-08-18,alipur
2023-08-18,rohini
2023-08-18,mandir_marg
2023-08-18,lodhi_road
2023-08-19,nsit_dwarka
2023-08-19,punjabi_bagh
2023-08-19,mandir_marg
2023-08-19,anand_vihar
2023-08-19,ito
2023-08-19,rk_puram
2023-08-19,alipur
2023-08-19,wazirpur
2023-08-20,mandir_marg
2023-08-20,anand_vihar
2023-08-20,ito
2023-08-20,rohini
2023-08-20,rk_puram
2023-08-20,punjabi_bagh
2023-08-21,ito
2023-08-21,nsit_dwarka
2023-08-21,wazirpur
2023-08-21,mandir_marg
2023-08-21,punjabi_bagh
2023-08-21,rk_puram
2023-08-21,rohini
2023-08-21,anand_vihar
2023-08-21,lodhi_road
2023-08-22,mandir_marg
2023-08-22,punjabi_bagh
2023-08-22,rohini
2023-08-22,nsit_dwarka
2023-08-22,ito
2023-08-22,lodhi_road
2023-08-22,anand_vihar
2023-08-22,alipur
2023-08-22,rk_puram
2023-08-22,wazirpur
2023-08-23,lodhi_road
2023-08-23,rk_puram
2023-08-23,alipur
2023-08-23,wazirpur
2023-08-23,rohini
2023-08-23,anand_vihar
2023-08-23,mandir_marg
2023-08-23,nsit_dwarka
2023-08-23,punjabi_bagh
2023-08-23,ito
2023-08-24,anand_vihar
2023-08-24,mandir_marg
2023-08-24,rk_puram
2023-08-24,rohini
2023-08-24,ito
2023-08-24,alipur
2023-08-24,wazirpur
2023-08-24,lodhi_road
2023-08-24,nsit_dwarka
2023-08-24,punjabi_bagh
2023-08-25,mandir_marg
2023-08-25,wazirpur
2023-08-25,alipur
2023-08-25,nsit_dwarka
2023-08-25,ito
2023-08-25,punjabi_bagh
2023-08-25,rohini
2023-08-26,rohini
2023-08-26,alipur
2023-08-26,lodhi_road
2023-08-26,punjabi_bagh
2023-08-26,nsit_dwarka
2023-08-26,rk_puram
2023-08-26,anand_vihar
2023-08-26,wazirpur
2023-08-26,ito
2023-08-26,mandir_marg
2023-08-27,rk_puram
2023-08-27,nsit_dwarka
2023-08-27,mandir_marg
2023-08-27,lodhi_road
2023-08-27,ito
2023-08-27,rohini
2023-08-27,alipur
2023-08-27,wazirpur
2023-08-28,ito
2023-08-28,rohini
2023-08-28,lodhi_road
2023-08-28,nsit_dwarka
2023-08-28,mandir_marg
2023-08-28,wazirpur
2023-08-29,wazirpur
2023-08-29,mandir_marg
2023-08-29,lodhi_road
2023-08-29,punjabi_bagh
2023-08-29,rk_puram
2023-08-29,anand_vihar
2023-08-29,rohini
2023-08-29,alipur
2023-08-29,ito
2023-08-29,nsit_dwarka
2023-08-30,nsit_dwarka
2023-08-30,punjabi_bagh
2023-08-30,rk_puram
2023-08-30,mandir_marg
2023-08-30,ito
2023-08-30,rohini
2023-08-30,lodhi_road
2023-08-30,anand_vihar
2023-08-30,wazirpur
2023-08-31,punjabi_bagh
2023-08-31,anand_vihar
2023-08-31,rohini
2023-08-31,rk_puram
2023-08-31,alipur
2023-08-31,ito
2023-08-31,mandir_marg
2023-08-31,nsit_dwarka
2023-08-31,wazirpur
2023-09-01,anand_vihar
2023-09-01,punjabi_bagh
2023-09-01,mandir_marg
2023-09-01,nsit_dwarka
2023-09-01,lodhi_road
2023-09-01,ito
2023-09-01,rk_puram
2023-09-01,rohini
2023-09-01,wazirpur
2023-09-01,alipur
2023-09-02,lodhi_road
2023-09-02,ito
2023-09-02,punjabi_bagh
2023-09-02,mandir_marg
2023-09-02,rohini
2023-09-02,nsit_dwarka
2023-09-02,alipur
2023-09-02,wazirpur
2023-09-02,rk_puram
2023-09-03,punjabi_bagh
2023-09-03,anand_vihar
2023-09-03,alipur
2023-09-03,ito
2023-09-03,rk_puram
2023-09-03,lodhi_road
2023-09-03,rohini
2023-09-03,mandir_marg
2023-09-03,nsit_dwarka
2023-09-04,rk_puram
2023-09-04,nsit_dwarka
2023-09-04,punjabi_bagh
2023-09-04,alipur
2023-09-04,wazirpur
2023-09-04,anand_vihar
2023-09-04,ito
2023-09-04,rohini
2023-09-04,mandir_marg
2023-09-04,lodhi_road
2023-09-05,wazirpur
2023-09-05,ito
2023-09-05,rohini
2023-09-05,nsit_dwarka
2023-09-05,lodhi_road
2023-09-05,alipur
2023-09-05,mandir_marg
2023-09-05,anand_vihar
2023-09-05,punjabi_bagh
2023-09-05,rk_puram
2023-09-06,alipur
2023-09-06,rk_puram
2023-09-06,wazirpur
2023-09-06,anand_vihar
2023-09-06,ito
2023-09-06,punjabi_bagh
2023-09-06,rohini
2023-09-06,nsit_dwarka
2023-09-06,mandir_marg
2023-09-06,lodhi_road
2023-09-07,rohini
2023-09-07,alipur
2023-09-07,rk_puram
2023-09-07,nsit_dwarka
2023-09-07,mandir_marg
2023-09-07,ito
2023-09-07,punjabi_bagh
2023-09-07,anand_vihar
2023-09-07,wazirpur
2023-09-08,rk_puram
2023-09-08,alipur
2023-09-08,anand_vihar
2023-09-08,wazirpur
2023-09-08,punjabi_bagh
2023-09-08,ito
2023-09-08,mandir_marg
2023-09-08,nsit_dwarka
2023-09-08,rohini
2023-09-09,rohini
2023-09-09,mandir_marg
2023-09-09,ito
2023-09-09,anand_vihar
2023-09-09,rk_puram
2023-09-09,nsit_dwarka
2023-09-09,wazirpur
2023-09-09,alipur
2023-09-09,punjabi_bagh
2023-09-10,rk_puram
2023-09-10,ito
2023-09-10,wazirpur
2023-09-10,mandir_marg
2023-09-10,alipur
2023-09-10,rohini
2023-09-10,punjabi_bagh
2023-09-10,anand_vihar
2023-09-10,nsit_dwarka
2023-09-11,alipur
2023-09-11,punjabi_bagh
2023-09-11,anand_vihar
2023-09-11,ito
2023-09-11,rohini
2023-09-11,wazirpur
2023-09-11,mandir_marg
2023-09-11,rk_puram
2023-09-11,nsit_dwarka
2023-09-12,alipur
2023-09-12,wazirpur
2023-09-12,ito
2023-09-12,mandir_marg
2023-09-12,lodhi_road
2023-09-12,anand_vihar
2023-09-12,punjabi_bagh
2023-09-12,rohini
2023-09-12,nsit_dwarka
2023-09-12,rk_puram
2023-09-13,rk_puram
2023-09-13,rohini
2023-09-13,wazirpur
2023-09-13,punjabi_bagh
2023-09-13,mandir_marg
2023-09-13,nsit_dwarka
2023-09-13,alipur
2023-09-13,ito
2023-09-13,anand_vihar
2023-09-13,lodhi_road
2023-09-14,punjabi_bagh
2023-09-14,wazirpur
2023-09-14,alipur
2023-09-14,lodhi_road
2023-09-14,rk_puram
2023-09-14,ito
2023-09-14,anand_vihar
2023-09-14,mandir_marg
2023-09-14,rohini
2023-09-14,nsit_dwarka
2023-09-15,ito
2023-09-15,lodhi_road
2023-09-15,anand_vihar
2023-09-15,wazirpur
2023-09-15,rk_puram
2023-09-15,rohini
2023-09-15,punjabi_bagh
2023-09-15,alipur
2023-09-15,nsit_dwarka
2023-09-16,ito
2023-09-16,rk_puram
2023-09-16,punjabi_bagh
2023-09-16,anand_vihar
2023-09-16,alipur
2023-09-16,nsit_dwarka
2023-09-16,mandir_marg
2023-09-16,wazirpur
2023-09-16,rohini
2023-09-17,nsit_dwarka
2023-09-17,wazirpur
2023-09-17,punjabi_bagh
2023-09-17,mandir_marg
2023-09-17,rk_puram
2023-09-17,ito
2023-09-17,rohini
2023-09-17,anand_vihar
2023-09-17,alipur
2023-09-18,wazirpur
2023-09-18,punjabi_bagh
2023-09-18,alipur
2023-09-18,rk_puram
2023-09-18,anand_vihar
2023-09-18,mandir_marg
2023-09-18,ito
2023-09-18,rohini
2023-09-18,nsit_dwarka
2023-09-19,wazirpur
2023-09-19,anand_vihar
2023-09-19,lodhi_road
2023-09-19,rk_puram
2023-09-19,alipur
2023-09-19,ito
2023-09-19,mandir_marg
2023-09-19,nsit_dwarka
2023-09-19,rohini
2023-09-19,punjabi_bagh
2023-09-20,rk_puram
2023-09-20,rohini
2023-09-20,wazirpur
2023-09-20,lodhi_road
2023-09-20,anand_vihar
2023-09-20,ito
2023-09-20,nsit_dwarka
2023-09-20,alipur
2023-09-20,mandir_marg
2023-09-20,punjabi_bagh
2023-09-21,punjabi_bagh
2023-09-21,nsit_dwarka
2023-09-21,lodhi_road
2023-09-21,alipur
2023-09-21,mandir_marg
2023-09-21,rk_puram
2023-09-21,rohini
2023-09-21,anand_vihar
2023-09-21,ito
2023-09-22,nsit_dwarka
2023-09-22,rohini
2023-09-22,anand_vihar
2023-09-22,rk_puram
2023-09-22,lodhi_road
2023-09-22,alipur
2023-09-22,wazirpur
2023-09-22,mandir_marg
2023-09-22,ito
2023-09-22,punjabi_bagh
2023-09-23,alipur
2023-09-23,wazirpur
2023-09-23,punjabi_bagh
2023-09-23,mandir_marg
2023-09-23,nsit_dwarka
2023-09-23,lodhi_road
2023-09-23,rk_puram
2023-09-23,anand_vihar
2023-09-23,ito
2023-09-23,rohini
2023-09-24,wazirpur
2023-09-24,ito
2023-09-24,rohini
2023-09-24,alipur
2023-09-24,nsit_dwarka
2023-09-24,punjabi_bagh
2023-09-24,lodhi_road
2023-09-24,anand_vihar
2023-09-24,rk_puram
2023-09-24,mandir_marg
2023-09-25,wazirpur
2023-09-25,punjabi_bagh
2023-09-25,lodhi_road
2023-09-25,rk_puram
2023-09-25,ito
2023-09-25,mandir_marg
2023-09-25,rohini
2023-09-25,anand_vihar
2023-09-25,alipur
2023-09-26,rohini
2023-09-26,rk_puram
2023-09-26,anand_vihar
2023-09-26,alipur
2023-09-26,punjabi_bagh
2023-09-26,mandir_marg
2023-09-26,wazirpur
2023-09-26,ito
2023-09-27,rk_puram
2023-09-27,wazirpur
2023-09-27,rohini
2023-09-27,alipur
2023-09-27,anand_vihar
2023-09-27,mandir_marg
2023-09-27,punjabi_bagh
2023-09-27,ito
2023-09-27,lodhi_road
2023-09-28,ito
2023-09-28,anand_vihar
2023-09-28,wazirpur
2023-09-28,mandir_marg
2023-09-28,punjabi_bagh
2023-09-28,rk_puram
2023-09-28,rohini
2023-09-28,lodhi_road
2023-09-28,alipur
2023-09-29,wazirpur
2023-09-29,lodhi_road
2023-09-29,alipur
2023-09-29,rk_puram
2023-09-29,mandir_marg
2023-09-29,ito
2023-09-29,punjabi_bagh
2023-09-29,anand_vihar
2023-09-29,rohini
2023-09-30,lodhi_road
2023-09-30,alipur
2023-09-30,mandir_marg
2023-09-30,wazirpur
2023-09-30,rk_puram
2023-09-30,ito
2023-09-30,punjabi_bagh
2023-09-30,anand_vihar
2023-09-30,rohini
2023-10-01,mandir_marg
2023-10-01,wazirpur
2023-10-01,rk_puram
2023-10-01,nsit_dwarka
2023-10-01,alipur
2023-10-01,anand_vihar
2023-10-01,rohini
2023-10-01,lodhi_road
2023-10-01,ito
2023-10-02,wazirpur
2023-10-02,lodhi_road
2023-10-02,rk_puram
2023-10-02,alipur
2023-10-02,rohini
2023-10-02,mandir_marg
2023-10-02,punjabi_bagh
2023-10-02,nsit_dwarka
2023-10-02,ito
2023-10-02,anand_vihar
2023-10-03,ito
2023-10-03,rk_puram
2023-10-03,anand_vihar
2023-10-03,nsit_dwarka
2023-10-03,wazirpur
2023-10-03,alipur
2023-10-03,rohini
2023-10-03,mandir_marg
2023-10-03,lodhi_road
2023-10-03,punjabi_bagh
2023-10-04,wazirpur
2023-10-04,alipur
2023-10-04,ito
2023-10-04,rohini
2023-10-04,nsit_dwarka
2023-10-04,mandir_marg
2023-10-04,anand_vihar
2023-10-04,rk_puram
2023-10-04,punjabi_bagh
2023-10-04,lodhi_road
2023-10-05,wazirpur
2023-10-05,rk_puram
2023-10-05,nsit_dwarka
2023-10-05,ito
2023-10-05,rohini
2023-10-05,mandir_marg
2023-10-05,alipur
2023-10-05,anand_vihar
2023-10-05,punjabi_bagh
2023-10-05,lodhi_road
2023-10-06,mandir_marg
2023-10-06,ito
2023-10-06,nsit_dwarka
2023-10-06,wazirpur
2023-10-06,alipur
2023-10-06,lodhi_road
2023-10-06,anand_vihar
2023-10-06,rk_puram
2023-10-06,punjabi_bagh
2023-10-06,rohini
2023-10-07,punjabi_bagh
2023-10-07,nsit_dwarka
2023-10-07,anand_vihar
2023-10-07,wazirpur
2023-10-07,ito
2023-10-07,rohini
2023-10-07,lodhi_road
2023-10-07,mandir_marg
2023-10-07,rk_puram
2023-10-07,alipur
2023-10-08,nsit_dwarka
2023-10-08,wazirpur
2023-10-08,mandir_marg
2023-10-08,alipur
2023-10-08,rk_puram
2023-10-08,punjabi_bagh
2023-10-08,ito
2023-10-08,rohini
2023-10-08,lodhi_road
2023-10-08,anand_vihar
2023-10-09,alipur
2023-10-09,nsit_dwarka
2023-10-09,punjabi_bagh
2023-10-09,wazirpur
2023-10-09,ito
2023-10-09,rk_puram
2023-10-09,rohini
2023-10-09,lodhi_road
2023-10-09,anand_vihar
2023-10-10,ito
2023-10-10,lodhi_road
2023-10-10,nsit_dwarka
2023-10-11,rk_puram
2023-10-11,ito
2023-10-11,rohini
2023-10-11,nsit_dwarka
2023-10-11,wazirpur
2023-10-11,punjabi_bagh
2023-10-11,mandir_marg
2023-10-11,alipur
2023-10-11,lodhi_road
2023-10-11,anand_vihar
2023-10-12,rk_puram
2023-10-12,alipur
2023-10-12,rohini
2023-10-12,ito
2023-10-12,mandir_marg
2023-10-12,wazirpur
2023-10-12,punjabi_bagh
2023-10-12,anand_vihar
2023-10-13,rk_puram
2023-10-13,alipur
2023-10-13,mandir_marg
2023-10-13,punjabi_bagh
2023-10-13,rohini
2023-10-13,anand_vihar
2023-10-13,nsit_dwarka
2023-10-13,lodhi_road
2023-10-13,ito
2023-10-13,wazirpur
2023-10-14,anand_vihar
2023-10-14,rohini
2023-10-14,alipur
2023-10-14,rk_puram
2023-10-14,punjabi_bagh
2023-10-14,mandir_marg
2023-10-14,ito
2023-10-14,nsit_dwarka
2023-10-15,punjabi_bagh
2023-10-15,lodhi_road
2023-10-15,nsit_dwarka
2023-10-15,ito
2023-10-15,rohini
2023-10-15,alipur
2023-10-15,wazirpur
2023-10-15,mandir_marg
2023-10-15,anand_vihar
2023-10-15,rk_puram
2023-10-16,rohini
2023-10-16,ito
2023-10-16,lodhi_road
2023-10-16,mandir_marg
2023-10-16,wazirpur
2023-10-16,punjabi_bagh
2023-10-16,anand_vihar
2023-10-16,alipur
2023-10-16,rk_puram
2023-10-17,rk_puram
2023-10-17,nsit_dwarka
2023-10-17,punjabi_bagh
2023-10-17,rohini
2023-10-17,wazirpur
2023-10-17,alipur
2023-10-17,ito
2023-10-17,mandir_marg
2023-10-18,rohini
2023-10-18,ito
2023-10-18,nsit_dwarka
2023-10-18,lodhi_road
2023-10-18,alipur
2023-10-18,punjabi_bagh
2023-10-18,wazirpur
2023-10-18,rk_puram
2023-10-18,mandir_marg
2023-10-19,mandir_marg
2023-10-19,nsit_dwarka
2023-10-19,wazirpur
2023-10-19,rohini
2023-10-19,lodhi_road
2023-10-19,punjabi_bagh
2023-10-19,ito
2023-10-19,alipur
2023-10-19,rk_puram
2023-10-20,punjabi_bagh
2023-10-20,rohini
2023-10-20,wazirpur
2023-10-20,nsit_dwarka
2023-10-20,alipur
2023-10-20,anand_vihar
2023-10-20,ito
2023-10-20,lodhi_road
2023-10-20,rk_puram
2023-10-20,mandir_marg
2023-10-21,anand_vihar
2023-10-21,mandir_marg
2023-10-21,wazirpur
2023-10-21,rohini
2023-10-21,lodhi_road
2023-10-21,punjabi_bagh
2023-10-21,alipur
2023-10-21,ito
2023-10-21,nsit_dwarka
2023-10-22,rohini
2023-10-22,rk_puram
2023-10-22,punjabi_bagh
2023-10-22,mandir_marg
2023-10-22,alipur
2023-10-22,nsit_dwarka
2023-10-22,wazirpur
2023-10-22,lodhi_road
2023-10-22,ito
2023-10-23,ito
2023-10-23,wazirpur
2023-10-23,rohini
2023-10-23,mandir_marg
2023-10-23,alipur
2023-10-23,rk_puram
2023-10-23,punjabi_bagh
2023-10-23,nsit_dwarka
2023-10-23,lodhi_road
2023-10-24,rk_puram
2023-10-24,nsit_dwarka
2023-10-24,mandir_marg
2023-10-24,anand_vihar
2023-10-24,wazirpur
2023-10-24,alipur
2023-10-24,rohini
2023-10-24,punjabi_bagh
2023-10-24,lodhi_road
2023-10-25,lodhi_road
2023-10-25,alipur
2023-10-25,rk_puram
2023-10-25,ito
2023-10-25,punjabi_bagh
2023-10-25,wazirpur
2023-10-25,rohini
2023-10-25,nsit_dwarka
2023-10-25,mandir_marg
2023-10-26,alipur
2023-10-26,rohini
2023-10-26,mandir_marg
2023-10-26,lodhi_road
2023-10-26,anand_vihar
2023-10-26,punjabi_bagh
2023-10-26,nsit_dwarka
2023-10-26,ito
2023-10-26,wazirpur
2023-10-26,rk_puram
2023-10-27,mandir_marg
2023-10-27,anand_vihar
2023-10-27,lodhi_road
2023-10-27,ito
2023-10-27,alipur
2023-10-27,punjabi_bagh
2023-10-27,rohini
2023-10-27,rk_puram
2023-10-27,nsit_dwarka
2023-10-27,wazirpur
2023-10-28,mandir_marg
2023-10-28,rohini
2023-10-28,nsit_dwarka
2023-10-28,anand_vihar
2023-10-28,alipur
2023-10-28,rk_puram
2023-10-28,lodhi_road
2023-10-28,punjabi_bagh
2023-10-28,ito
2023-10-28,wazirpur
2023-10-29,mandir_marg
2023-10-29,lodhi_road
2023-10-29,alipur
2023-10-29,rk_puram
2023-10-29,ito
2023-10-29,punjabi_bagh
2023-10-29,nsit_dwarka
2023-10-29,wazirpur
2023-10-30,mandir_marg
2023-10-30,rk_puram
2023-10-30,ito
2023-10-30,rohini
2023-10-30,nsit_dwarka
2023-10-30,wazirpur
2023-10-30,lodhi_road
2023-10-30,anand_vihar
2023-10-30,punjabi_bagh
2023-10-30,alipur
2023-10-31,nsit_dwarka
2023-10-31,rohini
2023-10-31,mandir_marg
2023-10-31,ito
2023-10-31,anand_vihar
2023-10-31,lodhi_road
2023-10-31,wazirpur
2023-10-31,punjabi_bagh
2023-10-31,rk_puram
2023-10-31,alipur
2023-11-01,mandir_marg
2023-11-01,wazirpur
2023-11-01,anand_vihar
2023-11-01,alipur
2023-11-01,rohini
2023-11-01,punjabi_bagh
2023-11-01,nsit_dwarka
2023-11-01,ito
2023-11-01,lodhi_road
2023-11-01,rk_puram
2023-11-02,anand_vihar
2023-11-02,nsit_dwarka
2023-11-02,ito
2023-11-02,lodhi_road
2023-11-02,rohini
2023-11-02,punjabi_bagh
2023-11-02,wazirpur
2023-11-02,rk_puram
2023-11-02,alipur
2023-11-02,mandir_marg
2023-11-03,alipur
2023-11-03,punjabi_bagh
2023-11-03,rk_puram
2023-11-03,nsit_dwarka
2023-11-03,lodhi_road
2023-11-03,ito
2023-11-03,rohini
2023-11-03,wazirpur
2023-11-04,punjabi_bagh
2023-11-04,nsit_dwarka
2023-11-04,rohini
2023-11-04,wazirpur
2023-11-04,mandir_marg
2023-11-04,rk_puram
2023-11-04,alipur
2023-11-04,anand_vihar
2023-11-04,ito
2023-11-04,lodhi_road
2023-11-05,nsit_dwarka
2023-11-05,alipur
2023-11-05,mandir_marg
2023-11-05,rk_puram
2023-11-05,lodhi_road
2023-11-05,rohini
2023-11-05,ito
2023-11-05,wazirpur
2023-11-05,punjabi_bagh
2023-11-06,alipur
2023-11-06,lodhi_road
2023-11-06,rk_puram
2023-11-06,anand_vihar
2023-11-06,rohini
2023-11-06,wazirpur
2023-11-06,punjabi_bagh
2023-11-06,ito
2023-11-07,rohini
2023-11-07,lodhi_road
2023-11-07,anand_vihar
2023-11-07,mandir_marg
2023-11-07,ito
2023-11-07,alipur
2023-11-07,rk_puram
2023-11-07,punjabi_bagh
2023-11-08,lodhi_road
2023-11-08,punjabi_bagh
2023-11-08,alipur
2023-11-08,nsit_dwarka
2023-11-08,rk_puram
2023-11-08,ito
2023-11-08,rohini
2023-11-08,mandir_marg
2023-11-08,anand_vihar
2023-11-09,rk_puram
2023-11-09,alipur
2023-11-09,wazirpur
2023-11-09,ito
2023-11-09,rohini
2023-11-09,lodhi_road
2023-11-09,nsit_dwarka
2023-11-09,mandir_marg
2023-11-09,punjabi_bagh
2023-11-09,anand_vihar
2023-11-10,lodhi_road
2023-11-10,ito
2023-11-10,alipur
2023-11-10,wazirpur
2023-11-10,nsit_dwarka
2023-11-10,mandir_marg
2023-11-10,rk_puram
2023-11-10,rohini
2023-11-10,punjabi_bagh
2023-11-11,alipur
2023-11-11,ito
2023-11-11,wazirpur
2023-11-11,punjabi_bagh
2023-11-11,rk_puram
2023-11-11,anand_vihar
2023-11-11,mandir_marg
2023-11-11,rohini
2023-11-11,lodhi_road
2023-11-11,nsit_dwarka
2023-11-12,rk_puram
2023-11-12,anand_vihar
2023-11-12,alipur
2023-11-12,wazirpur
2023-11-12,nsit_dwarka
2023-11-12,ito
2023-11-12,rohini
2023-11-12,mandir_marg
2023-11-12,punjabi_bagh
2023-11-12,lodhi_road
2023-11-13,lodhi_road
2023-11-13,anand_vihar
2023-11-13,alipur
2023-11-13,mandir_marg
2023-11-13,punjabi_bagh
2023-11-13,rk_puram
2023-11-13,ito
2023-11-13,wazirpur
2023-11-13,nsit_dwarka
2023-11-13,rohini
2023-11-14,rk_puram
2023-11-14,anand_vihar
2023-11-14,lodhi_road
2023-11-14,ito
2023-11-14,alipur
2023-11-14,mandir_marg
2023-11-14,punjabi_bagh
2023-11-14,wazirpur
2023-11-14,rohini
2023-11-15,mandir_marg
2023-11-15,rk_puram
2023-11-15,punjabi_bagh
2023-11-15,alipur
2023-11-15,rohini
2023-11-15,wazirpur
2023-11-15,anand_vihar
2023-11-15,nsit_dwarka
2023-11-15,lodhi_road
2023-11-16,alipur
2023-11-16,ito
2023-11-16,rohini
2023-11-16,anand_vihar
2023-11-16,lodhi_road
2023-11-16,nsit_dwarka
2023-11-16,wazirpur
2023-11-16,rk_puram
2023-11-16,mandir_marg
2023-11-16,punjabi_bagh
2023-11-17,rk_puram
2023-11-17,wazirpur
2023-11-17,anand_vihar
2023-11-17,punjabi_bagh
2023-11-17,rohini
2023-11-17,nsit_dwarka
2023-11-17,alipur
2023-11-17,mandir_marg
2023-11-17,lodhi_road
2023-11-18,lodhi_road
2023-11-18,mandir_marg
2023-11-18,rohini
2023-11-18,anand_vihar
2023-11-18,punjabi_bagh
2023-11-18,nsit_dwarka
2023-11-18,alipur
2023-11-18,rk_puram
2023-11-18,ito
2023-11-18,wazirpur
2023-11-19,alipur
2023-11-19,rk_puram
2023-11-19,lodhi_road
2023-11-19,rohini
2023-11-19,ito
2023-11-19,wazirpur
2023-11-19,mandir_marg
2023-11-19,punjabi_bagh
2023-11-19,anand_vihar
2023-11-20,nsit_dwarka
2023-11-20,rohini
2023-11-20,wazirpur
2023-11-20,punjabi_bagh
2023-11-20,alipur
2023-11-20,anand_vihar
2023-11-20,mandir_marg
2023-11-20,ito
2023-11-20,rk_puram
2023-11-20,lodhi_road
2023-11-21,ito
2023-11-21,punjabi_bagh
2023-11-21,rohini
2023-11-21,alipur
2023-11-21,anand_vihar
2023-11-21,mandir_marg
2023-11-21,wazirpur
2023-11-21,rk_puram
2023-11-21,nsit_dwarka
2023-11-21,lodhi_road
2023-11-22,nsit_dwarka
2023-11-22,wazirpur
2023-11-22,anand_vihar
2023-11-22,rohini
2023-11-22,mandir_marg
2023-11-22,rk_puram
2023-11-22,punjabi_bagh
2023-11-22,lodhi_road
2023-11-22,ito
2023-11-22,alipur
2023-11-23,lodhi_road
2023-11-23,ito
2023-11-23,mandir_marg
2023-11-23,wazirpur
2023-11-23,nsit_dwarka
2023-11-23,rk_puram
2023-11-23,anand_vihar
2023-11-23,alipur
2023-11-23,rohini
2023-11-23,punjabi_bagh
2023-11-24,lodhi_road
2023-11-24,mandir_marg
2023-11-24,anand_vihar
2023-11-24,nsit_dwarka
2023-11-24,rk_puram
2023-11-24,alipur
2023-11-24,rohini
2023-11-24,wazirpur
2023-11-24,punjabi_bagh
2023-11-24,ito
2023-11-25,rk_puram
2023-11-25,nsit_dwarka
2023-11-25,lodhi_road
2023-11-25,ito
2023-11-26,mandir_marg
2023-11-26,ito
2023-11-26,wazirpur
2023-11-26,punjabi_bagh
2023-11-26,lodhi_road
2023-11-26,anand_vihar
2023-11-26,nsit_dwarka
2023-11-26,alipur
2023-11-26,rohini
2023-11-26,rk_puram
2023-11-27,rohini
2023-11-27,lodhi_road
2023-11-27,alipur
2023-11-27,ito
2023-11-27,wazirpur
2023-11-27,rk_puram
2023-11-27,punjabi_bagh
2023-11-27,nsit_dwarka
2023-11-27,mandir_marg
2023-11-27,anand_vihar
2023-11-28,nsit_dwarka
2023-11-28,ito
2023-11-28,wazirpur
2023-11-28,mandir_marg
2023-11-28,alipur
2023-11-28,lodhi_road
2023-11-28,punjabi_bagh
2023-11-28,rohini
2023-11-28,anand_vihar
2023-11-29,rk_puram
2023-11-29,mandir_marg
2023-11-29,anand_vihar
2023-11-29,nsit_dwarka
2023-11-29,wazirpur
2023-11-29,punjabi_bagh
2023-11-29,lodhi_road
2023-11-29,ito
2023-11-29,rohini
2023-11-29,alipur
2023-11-30,ito
2023-11-30,anand_vihar
2023-11-30,rk_puram
2023-11-30,punjabi_bagh
2023-11-30,lodhi_road
2023-11-30,alipur
2023-11-30,rohini
2023-11-30,wazirpur
2023-11-30,nsit_dwarka
2023-11-30,mandir_marg
2023-12-01,lodhi_road
2023-12-01,rohini
2023-12-01,wazirpur
2023-12-01,alipur
2023-12-01,rk_puram
2023-12-01,punjabi_bagh
2023-12-01,mandir_marg
2023-12-01,ito
2023-12-01,anand_vihar
2023-12-01,nsit_dwarka
2023-12-02,alipur
2023-12-02,wazirpur
2023-12-02,anand_vihar
2023-12-02,nsit_dwarka
2023-12-02,lodhi_road
2023-12-02,punjabi_bagh
2023-12-02,rk_puram
2023-12-02,rohini
2023-12-02,mandir_marg
2023-12-02,ito
2023-12-03,alipur
2023-12-03,lodhi_road
2023-12-03,wazirpur
2023-12-03,nsit_dwarka
2023-12-03,rohini
2023-12-03,rk_puram
2023-12-03,ito
2023-12-03,mandir_marg
2023-12-03,anand_vihar
2023-12-04,rohini
2023-12-04,mandir_marg
2023-12-04,punjabi_bagh
2023-12-04,ito
2023-12-04,nsit_dwarka
2023-12-04,wazirpur
2023-12-04,alipur
2023-12-04,lodhi_road
2023-12-04,anand_vihar
2023-12-04,rk_puram
2023-12-05,punjabi_bagh
2023-12-05,alipur
2023-12-05,ito
2023-12-05,wazirpur
2023-12-05,rk_puram
2023-12-05,anand_vihar
2023-12-05,nsit_dwarka
2023-12-05,mandir_marg
2023-12-05,rohini
2023-12-06,ito
2023-12-06,anand_vihar
2023-12-06,wazirpur
2023-12-06,punjabi_bagh
2023-12-06,lodhi_road
2023-12-06,nsit_dwarka
2023-12-06,rohini
2023-12-06,mandir_marg
2023-12-06,rk_puram
2023-12-06,alipur
2023-12-07,wazirpur
2023-12-07,nsit_dwarka
2023-12-07,mandir_marg
2023-12-07,rohini
2023-12-07,ito
2023-12-07,punjabi_bagh
2023-12-07,alipur
2023-12-07,lodhi_road
2023-12-07,rk_puram
2023-12-07,anand_vihar
2023-12-08,ito
2023-12-08,punjabi_bagh
2023-12-08,nsit_dwarka
2023-12-08,lodhi_road
2023-12-08,rohini
2023-12-08,mandir_marg
2023-12-08,anand_vihar
2023-12-08,wazirpur
2023-12-08,alipur
2023-12-08,rk_puram
2023-12-09,wazirpur
2023-12-09,nsit_dwarka
2023-12-09,lodhi_road
2023-12-09,alipur
2023-12-09,rk_puram
2023-12-09,anand_vihar
2023-12-09,rohini
2023-12-09,ito
2023-12-09,mandir_marg
2023-12-09,punjabi_bagh
2023-12-10,rohini
2023-12-10,alipur
2023-12-10,punjabi_bagh
2023-12-10,lodhi_road
2023-12-10,ito
2023-12-10,wazirpur
2023-12-10,nsit_dwarka
2023-12-10,anand_vihar
2023-12-10,mandir_marg
2023-12-10,rk_puram
2023-12-11,ito
2023-12-11,anand_vihar
2023-12-11,mandir_marg
2023-12-11,alipur
2023-12-11,nsit_dwarka
2023-12-11,lodhi_road
2023-12-11,rohini
2023-12-11,wazirpur
2023-12-11,rk_puram
2023-12-11,punjabi_bagh
2023-12-12,ito
2023-12-12,mandir_marg
2023-12-12,anand_vihar
2023-12-12,punjabi_bagh
2023-12-12,rk_puram
2023-12-12,rohini
2023-12-12,alipur
2023-12-12,lodhi_road
2023-12-12,wazirpur
2023-12-12,nsit_dwarka
2023-12-13,alipur
2023-12-13,wazirpur
2023-12-13,ito
2023-12-13,lodhi_road
2023-12-13,mandir_marg
2023-12-13,rohini
2023-12-13,punjabi_bagh
2023-12-13,nsit_dwarka
2023-12-13,anand_vihar
2023-12-14,lodhi_road
2023-12-14,mandir_marg
2023-12-14,rohini
2023-12-14,nsit_dwarka
2023-12-14,anand_vihar
2023-12-14,wazirpur
2023-12-14,rk_puram
2023-12-14,punjabi_bagh
2023-12-14,alipur
2023-12-15,wazirpur
2023-12-15,alipur
2023-12-15,anand_vihar
2023-12-15,rohini
2023-12-15,punjabi_bagh
2023-12-15,mandir_marg
2023-12-15,lodhi_road
2023-12-15,nsit_dwarka
2023-12-16,nsit_dwarka
2023-12-16,rohini
2023-12-16,punjabi_bagh
2023-12-16,wazirpur
2023-12-16,mandir_marg
2023-12-16,rk_puram
2023-12-16,alipur
2023-12-16,lodhi_road
2023-12-16,anand_vihar
2023-12-17,lodhi_road
2023-12-17,wazirpur
2023-12-17,ito
2023-12-17,mandir_marg
2023-12-17,punjabi_bagh
2023-12-17,nsit_dwarka
2023-12-17,anand_vihar
2023-12-17,rohini
2023-12-17,alipur
2023-12-17,rk_puram
2023-12-18,rohini
2023-12-18,ito
2023-12-18,lodhi_road
2023-12-18,nsit_dwarka
2023-12-18,anand_vihar
2023-12-18,alipur
2023-12-18,punjabi_bagh
2023-12-18,wazirpur
2023-12-19,rk_puram
2023-12-19,lodhi_road
2023-12-19,anand_vihar
2023-12-19,punjabi_bagh
2023-12-19,ito
2023-12-19,rohini
2023-12-19,alipur
2023-12-19,mandir_marg
2023-12-19,nsit_dwarka
2023-12-19,wazirpur
2023-12-20,alipur
2023-12-20,nsit_dwarka
2023-12-20,lodhi_road
2023-12-20,mandir_marg
2023-12-20,anand_vihar
2023-12-20,rk_puram
2023-12-20,wazirpur
2023-12-20,punjabi_bagh
2023-12-20,ito
2023-12-20,rohini
2023-12-21,nsit_dwarka
2023-12-21,wazirpur
2023-12-21,rk_puram
2023-12-21,anand_vihar
2023-12-21,rohini
2023-12-21,mandir_marg
2023-12-21,alipur
2023-12-21,lodhi_road
2023-12-21,ito
2023-12-21,punjabi_bagh
2023-12-22,wazirpur
2023-12-22,mandir_marg
2023-12-22,lodhi_road
2023-12-22,nsit_dwarka
2023-12-22,punjabi_bagh
2023-12-22,anand_vihar
2023-12-22,alipur
2023-12-22,ito
2023-12-22,rohini
2023-12-23,alipur
2023-12-23,rk_puram
2023-12-23,rohini
2023-12-23,nsit_dwarka
2023-12-23,mandir_marg
2023-12-23,wazirpur
2023-12-23,anand_vihar
2023-12-23,ito
2023-12-23,punjabi_bagh
2023-12-24,alipur
2023-12-24,wazirpur
2023-12-24,punjabi_bagh
2023-12-24,mandir_marg
2023-12-24,lodhi_road
2023-12-24,rohini
2023-12-24,rk_puram
2023-12-24,ito
2023-12-24,nsit_dwarka
2023-12-24,anand_vihar
2023-12-25,punjabi_bagh
2023-12-25,nsit_dwarka
2023-12-25,rk_puram
2023-12-25,alipur
2023-12-25,mandir_marg
2023-12-25,rohini
2023-12-25,wazirpur
2023-12-25,anand_vihar
2023-12-25,lodhi_road
2023-12-25,ito
2023-12-26,ito
2023-12-26,rk_puram
2023-12-26,alipur
2023-12-26,lodhi_road
2023-12-26,rohini
2023-12-26,nsit_dwarka
2023-12-26,mandir_marg
2023-12-26,anand_vihar
2023-12-26,wazirpur
2023-12-26,punjabi_bagh
2023-12-27,anand_vihar
2023-12-27,alipur
2023-12-27,wazirpur
2023-12-27,punjabi_bagh
2023-12-27,rohini
2023-12-27,rk_puram
2023-12-27,nsit_dwarka
2023-12-27,mandir_marg
2023-12-27,lodhi_road
2023-12-27,ito
2023-12-28,punjabi_bagh
2023-12-28,rk_puram
2023-12-28,alipur
2023-12-28,mandir_marg
2023-12-28,anand_vihar
2023-12-28,nsit_dwarka
2023-12-28,rohini
2023-12-28,lodhi_road
2023-12-28,wazirpur
2023-12-28,ito
2023-12-29,anand_vihar
2023-12-29,ito
2023-12-29,mandir_marg
2023-12-29,alipur
2023-12-29,wazirpur
2023-12-29,rk_puram
2023-12-29,nsit_dwarka
2023-12-29,punjabi_bagh
2023-12-29,rohini
2023-12-30,punjabi_bagh
2023-12-30,wazirpur
2023-12-30,anand_vihar
2023-12-30,rohini
2023-12-30,lodhi_road
2023-12-30,mandir_marg
2023-12-30,rk_puram
2023-12-30,nsit_dwarka
2023-12-30,alipur
2023-12-31,alipur
2023-12-31,anand_vihar
2023-12-31,rohini
2023-12-31,punjabi_bagh
2023-12-31,lodhi_road
2023-12-31,mandir_marg
2023-12-31,rk_puram
2023-12-31,nsit_dwarka
2023-12-31,ito
